SOURCE_FORMID	PATCH_FORMID	EDITORID	NAME	RACE	SEX	TINI	TINC	TINV	QNAM_WAS	QNAM_NOW	MAX_DELTA_255
01096765	03096765	SEKnightOfOrderPatrol1	Knight of Order	ImperialRace	M	1	187,117,75	80	175,119,85	175,119,85	0
01095243	03095243	SE09KnightOfOrder	Knight of Order	ImperialRace	M	1	187,117,75	80	175,119,85	175,119,85	0
01094B5B	03094B5B	SEKnightOfOrder5Obelisk	Knight of Order	ImperialRace	M	1	187,117,75	80	175,119,85	175,119,85	0
01094B25	03094B25	SEKnightOfOrder4Obelisk	Knight of Order	ImperialRace	M	1	187,117,75	80	175,119,85	175,119,85	0
01094AC9	03094AC9	SEKnightOfOrder3Obelisk	Knight of Order	ImperialRace	M	1	187,117,75	80	175,119,85	175,119,85	0
01094A38	03094A38	SEKnightOfOrder2Obelisk	Knight of Order	ImperialRace	M	1	187,117,75	80	175,119,85	175,119,85	0
01094A28	03094A28	SEKnightOfOrder1Obelisk	Knight of Order	ImperialRace	M	1	187,117,75	80	175,119,85	175,119,85	0
01092A88	03092A88	SEPrisoner4Syl	Prisoner	BretonRace	M	2	225,161,115	80	205,154,117	205,154,117	0
01092A81	03092A81	SEPrisoner2Syl	Prisoner	ImperialRace	F	13	182,112,70	80	171,115,81	171,115,81	0
01092A77	03092A77	SEPrisoner1Syl	Prisoner	RedguardRace	M	1	119,56,30	80	120,70,49	120,70,49	0
0108F4F3	0308F4F3	SE07EndSaint02	Golden Saint	HighElfRace	F	24	168,115,47	80	159,117,63	159,117,63	0
0108F4F2	0308F4F2	SE07EndSaint01	Golden Saint	HighElfRace	F	24	168,115,47	80	159,117,63	159,117,63	0
0108F4F1	0308F4F1	SE07EndSeducer02	Dark Seducer	DarkElfRace	F	24	81,77,86	80	90,87,94	90,87,94	0
0108F4F0	0308F4F0	SE07EndSeducer01	Dark Seducer	DarkElfRace	F	24	81,77,86	80	90,87,94	90,87,94	0
0108F114	0308F114	SE10OrderPriestNoRez	Priest of Order	HighElfRace	M	1	213,180,78	80	195,169,87	195,169,87	0
0108EF81	0308EF81	SE04FelldewAddict03	Joofy the Brown	ImperialRace	M	1	187,117,75	80	175,119,85	175,119,85	0
0108EF7E	0308EF7E	SE04FelldewAddict02	Felldew Addict	ImperialRace	M	1	187,117,75	80	175,119,85	175,119,85	0
0108EF7C	0308EF7C	SE04FelldewAddict01	Felldew Addict	HighElfRace	F	24	208,176,73	80	191,166,83	191,166,83	0
0108DBF7	0308DBF7	SEPrisonSeducerFemaleBoss	Dark Seducer Turnkey	DarkElfRace	F	24	81,77,86	80	90,87,94	90,87,94	0
0108DBF6	0308DBF6	SEPrisonSaintFemaleBoss	Golden Saint Turnkey	HighElfRace	F	24	168,115,47	80	159,117,63	159,117,63	0
0108DB95	0308DB95	SEHillOfSuicidesGhost03	Ghost	DarkElfRace	M	1	89,88,83	80	96,95,91	96,95,91	0
0108DB94	0308DB94	SEHillOfSuicidesGhost02	Ghost	ImperialRace	F	13	182,112,70	80	171,115,81	171,115,81	0
0108DB93	0308DB93	SEHillOfSuicidesGhost01	Ghost	NordRace	M	1	235,159,140	80	213,152,137	213,152,137	0
01089535	03089535	SE10Pinnacle05bTemplate	Knight of Order	ImperialRace	M	1	187,117,75	80	175,119,85	175,119,85	0
01089534	03089534	SE10Pinnacle04bTemplate	Knight of Order	ImperialRace	M	1	187,117,75	80	175,119,85	175,119,85	0
01089533	03089533	SE10Pinnacle04aTemplate	Knight of Order	ImperialRace	M	1	187,117,75	80	175,119,85	175,119,85	0
01082659	03082659	SE10DarkSeducerDead	Dark Seducer	DarkElfRace	F	24	81,77,86	80	90,87,94	90,87,94	0
010825AC	030825AC	SE10KnightOfOrderDead	Knight of Order	ImperialRace	M	1	187,117,75	80	175,119,85	175,119,85	0
010825AB	030825AB	SE10GoldenSaintDead	Golden Saint	HighElfRace	F	24	168,115,47	80	159,117,63	159,117,63	0
01082595	03082595	SEKilledBySheogorath	Sheogorath's Punished	ImperialRace	M	1	187,117,75	80	175,119,85	175,119,85	0
01082577	03082577	SEPinnacleRockGuard	Dark Seducer Guard	DarkElfRace	F	24	81,77,86	80	90,87,94	90,87,94	0
01082574	03082574	SEBrellachGuard	Golden Saint Guard	HighElfRace	F	24	168,115,47	80	159,117,63	159,117,63	0
010823BE	030823BE	SEMdesi	M'desi	KhajiitRace	M	1	189,124,58	80	176,124,71	176,124,71	0
010823BC	030823BC	SEGadeneriRalvel	Gadeneri Ralvel	DarkElfRace	F	24	84,84,78	80	92,92,87	92,92,87	0
010823BA	030823BA	SELorenzBogTrotter	Lorenz Bog-Trotter	NordRace	M	1	235,159,140	80	213,152,137	213,152,137	0
010823B8	030823B8	SESaloniaViria	Salonia Viria	ImperialRace	F	13	182,112,70	80	171,115,81	171,115,81	0
010823B5	030823B5	SELimark	Limark	RedguardRace	M	1	119,56,30	80	120,70,49	120,70,49	0
010823A9	030823A9	XPEbroccaBody03	Dead Traveler	WoodElfRace	M	1	199,135,102	80	184,133,107	184,133,107	0
0108239E	0308239E	XPEbroccaBody04	Dead Wood Elf	WoodElfRace	M	1	199,135,102	80	184,133,107	184,133,107	0
01082393	03082393	XPEbroccaBody01	Dead Courier	ArgonianRace	M	38	101,56,33	80	106,70,51	106,70,51	0
01082362	03082362	SEKnottyBramZealot01Dead	Preserved Zealot	HighElfRace	F	24	208,176,73	80	191,166,83	191,166,83	0
01082361	03082361	SEKnottyBramZealot02Live	Zealot Guardian	HighElfRace	M	1	213,180,78	80	195,169,87	195,169,87	0
01082360	03082360	SEKnottyBramZealot01Live	Zealot Guardian	HighElfRace	F	24	208,176,73	80	191,166,83	191,166,83	0
010820B0	030820B0	XPDeadVolunteer	Dead Volunteer	BretonRace	M	2	225,161,115	80	205,154,117	205,154,117	0
0108209F	0308209F	SEDireWarrenTraelius	Traelius	BretonRace	M	2	225,161,115	80	205,154,117	205,154,117	0
0108209B	0308209B	XPDireWarrenAlyssa	Alyssa	BretonRace	F	16	220,156,109	80	201,150,112	201,150,112	0
01081B83	03081B83	SE10KnightSentryTemplate	Knight of Order	ImperialRace	M	1	187,117,75	80	175,119,85	175,119,85	0
01081B82	03081B82	SE10Brellach04bTemplate	Knight of Order	ImperialRace	M	1	187,117,75	80	175,119,85	175,119,85	0
01081B15	03081B15	SE10Brellach05bTemplate	Knight of Order	ImperialRace	M	1	187,117,75	80	175,119,85	175,119,85	0
0108146B	0308146B	SEXiditteArbiter	Zealot Arbiter	BretonRace	M	2	225,161,115	80	205,154,117	205,154,117	0
01081362	03081362	SEMazaddhaDead	Ma'zaddha	KhajiitRace	M	1	189,124,58	80	176,124,71	176,124,71	0
01080DD7	03080DD7	SE08KnightOfOrderPasswallIInitialAttackTEMPLATE	Knight of Order	ImperialRace	M	1	187,117,75	80	175,119,85	175,119,85	0
010807FB	030807FB	SE08KnightOfOrderPasswallBattleTEMPLATE	Knight of Order	ImperialRace	M	1	187,117,75	80	175,119,85	175,119,85	0
0107FDD1	0307FDD1	SE08KnightDEAD	Knight of Order	ImperialRace	M	1	187,117,75	80	175,119,85	175,119,85	0
0107F47C	0307F47C	SEObelisk10Priest	Priest of Order	DarkElfRace	M	1	89,88,83	80	96,95,91	96,95,91	0
0107F47B	0307F47B	SEObelisk09Priest	Priest of Order	WoodElfRace	M	1	199,135,102	80	184,133,107	184,133,107	0
0107F47A	0307F47A	SEObelisk08Priest	Priest of Order	HighElfRace	M	1	213,180,78	80	195,169,87	195,169,87	0
0107F479	0307F479	SEObelisk07Priest	Priest of Order	RedguardRace	M	1	119,56,30	80	120,70,49	120,70,49	0
0107F478	0307F478	SEObelisk06Priest	Priest of Order	ImperialRace	M	1	187,117,75	80	175,119,85	175,119,85	0
0107F477	0307F477	SEObelisk05Priest	Priest of Order	DarkElfRace	M	1	89,88,83	80	96,95,91	96,95,91	0
0107F476	0307F476	SEObelisk04Priest	Priest of Order	WoodElfRace	M	1	199,135,102	80	184,133,107	184,133,107	0
0107F475	0307F475	SEObelisk03Priest	Priest of Order	HighElfRace	M	1	213,180,78	80	195,169,87	195,169,87	0
0107F474	0307F474	SEObelisk02Priest	Priest of Order	RedguardRace	M	1	119,56,30	80	120,70,49	120,70,49	0
0107F473	0307F473	SEObelisk01Priest	Priest of Order	ImperialRace	M	1	187,117,75	80	175,119,85	175,119,85	0
0107F472	0307F472	SEObelisk20Priest	Priest of Order	HighElfRace	M	1	213,180,78	80	195,169,87	195,169,87	0
0107F471	0307F471	SEObelisk19Priest	Priest of Order	WoodElfRace	M	1	199,135,102	80	184,133,107	184,133,107	0
0107F470	0307F470	SEObelisk18Priest	Priest of Order	DarkElfRace	M	1	89,88,83	80	96,95,91	96,95,91	0
0107F46F	0307F46F	SEObelisk17Priest	Priest of Order	ImperialRace	M	1	187,117,75	80	175,119,85	175,119,85	0
0107F46E	0307F46E	SEObelisk16Priest	Priest of Order	RedguardRace	M	1	119,56,30	80	120,70,49	120,70,49	0
0107F46D	0307F46D	SEObelisk15Priest	Priest of Order	HighElfRace	M	1	213,180,78	80	195,169,87	195,169,87	0
0107F46C	0307F46C	SEObelisk14Priest	Priest of Order	WoodElfRace	M	1	199,135,102	80	184,133,107	184,133,107	0
0107F46B	0307F46B	SEObelisk13Priest	Priest of Order	DarkElfRace	M	1	89,88,83	80	96,95,91	96,95,91	0
0107F46A	0307F46A	SEObelisk12Priest	Priest of Order	RedguardRace	M	1	119,56,30	80	120,70,49	120,70,49	0
0107F469	0307F469	SEObelisk11Priest	Priest of Order	ImperialRace	M	1	187,117,75	80	175,119,85	175,119,85	0
0107EC00	0307EC00	SE07Xirethard02DarkSeducerMissile02	Dark Seducer Archer	DarkElfRace	F	24	81,77,86	80	90,87,94	90,87,94	0
0107EBFF	0307EBFF	SE07Xirethard02DarkSeducerMissile01	Dark Seducer Archer	DarkElfRace	F	24	81,77,86	80	90,87,94	90,87,94	0
0107E22D	0307E22D	SE07Xirethard01DarkSeducerMelee04	Dark Seducer	DarkElfRace	F	24	81,77,86	80	90,87,94	90,87,94	0
0107E220	0307E220	SE07Xirethard01DarkSeducerMelee03	Dark Seducer	DarkElfRace	F	24	81,77,86	80	90,87,94	90,87,94	0
0107E21F	0307E21F	SE07Xirethard01DarkSeducerMelee02	Dark Seducer	DarkElfRace	F	24	81,77,86	80	90,87,94	90,87,94	0
0107E20D	0307E20D	SE07Xirethard01DarkSeducerMelee01	Dark Seducer	DarkElfRace	F	24	81,77,86	80	90,87,94	90,87,94	0
0107E20A	0307E20A	SE07Xirethard01DarkSeducerMissile02	Dark Seducer Archer	DarkElfRace	F	24	81,77,86	80	90,87,94	90,87,94	0
0107E205	0307E205	SE07Xirethard01DarkSeducerMissile01	Dark Seducer Archer	DarkElfRace	F	24	81,77,86	80	90,87,94	90,87,94	0
0107DD77	0307DD77	SE45ZealotLackey	Zealot Minion	BretonRace	M	2	225,161,115	80	205,154,117	205,154,117	0
0107DC03	0307DC03	SEKnottyBramZealot02Dead	Preserved Zealot	HighElfRace	M	1	213,180,78	80	195,169,87	195,169,87	0
0107DB72	0307DB72	SEXPXavaraPatrolTemplate02	Zealot Neophyte	BretonRace	F	16	220,156,109	80	201,150,112	201,150,112	0
0107DB45	0307DB45	SEXPXavaraPatrolTemplate01	Zealot Neophyte	BretonRace	F	16	220,156,109	80	201,150,112	201,150,112	0
0107DB41	0307DB41	SE45HereticLackey	Heretic Lackey	BretonRace	M	2	225,161,115	80	205,154,117	205,154,117	0
0107DB2C	0307DB2C	SE45HereticBoss	Heretic Crusader	BretonRace	M	2	225,161,115	80	205,154,117	205,154,117	0
0107DB28	0307DB28	SE45ZealotBoss	Zealot Crusader	BretonRace	M	2	225,161,115	80	205,154,117	205,154,117	0
0107D15E	0307D15E	SERottenPatrol04TEMPLATE	Zealot Neophyte	HighElfRace	M	1	213,180,78	80	195,169,87	195,169,87	0
0107D15D	0307D15D	SERottenPatrol03TEMPLATE	Zealot Neophyte	HighElfRace	M	1	213,180,78	80	195,169,87	195,169,87	0
0107B3A9	0307B3A9	SE07BGoldenSaintSiloGuard04	Golden Saint Guard	HighElfRace	F	24	168,115,47	80	159,117,63	159,117,63	0
0107B3A8	0307B3A8	SE07BGoldenSaintSiloGuard03	Golden Saint Guard	HighElfRace	F	24	168,115,47	80	159,117,63	159,117,63	0
0107B3A7	0307B3A7	SE07BGoldenSaintSiloGuard02	Golden Saint Guard	HighElfRace	F	24	168,115,47	80	159,117,63	159,117,63	0
0107B3A6	0307B3A6	SE07BGoldenSaintSiloGuard01	Golden Saint Guard	HighElfRace	F	24	168,115,47	80	159,117,63	159,117,63	0
0107B1FE	0307B1FE	SE07BGoldenSaintPalaceGuard	Golden Saint Guard	HighElfRace	F	24	168,115,47	80	159,117,63	159,117,63	0
0107B13B	0307B13B	SE07BGoldenSaintPrivateQuartersGuard02	Golden Saint Guard	HighElfRace	F	24	168,115,47	80	159,117,63	159,117,63	0
01079F74	03079F74	SEXeddefenc2PatrolGrummiteTemplate	Knight of Order	ImperialRace	M	1	187,117,75	80	175,119,85	175,119,85	0
01079AA9	03079AA9	SE08KnightHoldPositionWimpy	Knight of Order	HighElfRace	M	1	213,180,78	80	195,169,87	195,169,87	0
01078C32	03078C32	SEKnightOfOrder5	Knight of Order	ImperialRace	M	1	187,117,75	80	175,119,85	175,119,85	0
01078C31	03078C31	SEKnightOfOrder1	Knight of Order	ImperialRace	M	1	187,117,75	80	175,119,85	175,119,85	0
01078C04	03078C04	SE08WalkToPasswallKnight	Knight of Order	ImperialRace	M	1	187,117,75	80	175,119,85	175,119,85	0
010786EC	030786EC	SEXPxiditteC1AlchemyZealotTemplate	Zealot Neophyte	BretonRace	F	16	220,156,109	80	201,150,112	201,150,112	0
01078207	03078207	SEPadEi	Pad-Ei	ArgonianRace	M	38	101,56,33	80	106,70,51	106,70,51	0
01076904	03076904	SEXiditteGuard	Zealot Guard	BretonRace	M	2	225,161,115	80	205,154,117	205,154,117	0
01076472	03076472	SE32VitharnMatriach	Countess Cirion	HighElfRace	F	24	208,176,73	80	191,166,83	191,166,83	0
01076467	03076467	SE32VitharnPatriach	Count Cirion	HighElfRace	M	1	213,180,78	80	195,169,87	195,169,87	0
010727E2	030727E2	SE32TestJoelFanatic	Fanatic	NordRace	M	1	235,159,140	80	213,152,137	213,152,137	0
010727C7	030727C7	SE32TestJoelGhost	Vitharn Soldier	ImperialRace	M	1	187,117,75	80	175,119,85	175,119,85	0
01071FBF	03071FBF	SEBeggarBhisha	Bhisha	KhajiitRace	M	1	189,124,58	80	176,124,71	176,124,71	0
0106D1F4	0306D1F4	SE11Apostle08	Apostle	ImperialRace	M	1	187,117,75	80	175,119,85	175,119,85	0
0106989C	0306989C	SEBeggarUungor	Uungor	WoodElfRace	M	1	199,135,102	80	184,133,107	184,133,107	0
0106989A	0306989A	SEBeggarFimmion	Fimmion	WoodElfRace	M	1	199,135,102	80	184,133,107	184,133,107	0
01069895	03069895	SEBeggarGloorolros	Gloorolros	WoodElfRace	M	1	199,135,102	80	184,133,107	184,133,107	0
0106988F	0306988F	SEBeggarBolwing	Bolwing	WoodElfRace	M	1	199,135,102	80	184,133,107	184,133,107	0
01066ECB	03066ECB	SEPyke	Pyke	RedguardRace	M	1	119,56,30	80	120,70,49	120,70,49	0
010637AD	030637AD	SE14DSEscort	Dark Seducer Escort	DarkElfRace	F	24	81,77,86	80	90,87,94	90,87,94	0
0106374A	0306374A	SE14GSEscort	Golden Saint Escort	HighElfRace	F	24	168,115,47	80	159,117,63	159,117,63	0
0106371E	0306371E	SEJyggalagVoice		ImperialRace	M	1	199,135,102	80	184,133,107	184,133,107	0
01062D10	03062D10	SE32Citizen01	Vitharn Ghost Citizen	ImperialRace	F	13	182,112,70	80	171,115,81	171,115,81	0
01062D0F	03062D0F	SE32Citizen03	Vitharn Ghost Citizen	ImperialRace	F	13	182,112,70	80	171,115,81	171,115,81	0
01061BD7	03061BD7	SEGoldenSaintGuardTEST1	Golden Saint Guard	HighElfRace	F	24	168,115,47	80	159,117,63	159,117,63	0
010607E1	030607E1	SE14Juggler	Juggler	ImperialRace	F	13	182,112,70	80	171,115,81	171,115,81	0
01060793	03060793	SEGrommokgroBarakGhosted	Grommok gro-Barak	OrcRace	M	1	103,111,45	80	107,114,61	107,114,61	0
0105FA48	0305FA48	SENanetteDonOrdered	Nanette Don	BretonRace	F	16	220,156,109	80	201,150,112	201,150,112	0
0105FA47	0305FA47	SEJayredIceVeinsOrdered	Jayred Ice-Veins	NordRace	M	1	235,159,140	80	213,152,137	213,152,137	0
0105FA45	0305FA45	SEFelasSarandasOrdered	Felas Sarandas	DarkElfRace	M	1	89,88,83	80	96,95,91	96,95,91	0
0105FA44	0305FA44	SEDredhwenOrdered	Dredhwen	WoodElfRace	F	24	194,131,97	80	180,130,103	180,130,103	0
0105A2A5	0305A2A5	SEXPEbroccaMinion	Clanfather Malifant	WoodElfRace	M	1	199,135,102	80	184,133,107	184,133,107	0
01059B53	03059B53	SE07Xirethard01DarkSeducerDoorGuard01	Dark Seducer	DarkElfRace	F	24	81,77,86	80	90,87,94	90,87,94	0
01059B4C	03059B4C	SE07Xirethard01DarkSeducerPatrol01b	Dark Seducer	DarkElfRace	F	24	81,77,86	80	90,87,94	90,87,94	0
01059B4B	03059B4B	SE07Xirethard01DarkSeducerPatrol01a	Dark Seducer	DarkElfRace	F	24	81,77,86	80	90,87,94	90,87,94	0
010560D5	030560D5	SE32Worshipper01	Vitharn Ghost Citizen	ImperialRace	F	13	182,112,70	80	171,115,81	171,115,81	0
0105609D	0305609D	SE32Worshipper02	Vitharn Ghost Citizen	ImperialRace	F	13	182,112,70	80	171,115,81	171,115,81	0
01056039	03056039	SE07BGoldenSaintGardenGuard	Golden Saint Guard	HighElfRace	F	24	168,115,47	80	159,117,63	159,117,63	0
0105602E	0305602E	SE07BGoldenSaintPrivateQuartersGuard01	Golden Saint Guard	HighElfRace	F	24	168,115,47	80	159,117,63	159,117,63	0
01056028	03056028	SE01GateVoice1		ImperialRace	M	1	199,135,102	80	184,133,107	184,133,107	0
01055FEE	03055FEE	SE06DarkSeducerVictory	Dark Seducer	DarkElfRace	F	24	81,77,86	80	90,87,94	90,87,94	0
01055FED	03055FED	SE06GoldenSaintVictory	Golden Saint	HighElfRace	F	24	168,115,47	80	159,117,63	159,117,63	0
01055877	03055877	SE07ASESylDouble	Syl	WoodElfRace	F	24	194,131,97	80	180,130,103	180,130,103	0
010554E8	030554E8	SE10SeducerMaleWarrior4	Dark Seducer Warrior	DarkElfRace	M	1	86,82,90	80	94,91,97	94,91,97	0
010554E7	030554E7	SE10SeducerMaleWarrior3	Dark Seducer Warrior	DarkElfRace	M	1	86,82,90	80	94,91,97	94,91,97	0
010554E6	030554E6	SE10SeducerMaleWarrior2	Dark Seducer Warrior	DarkElfRace	M	1	86,82,90	80	94,91,97	94,91,97	0
010554E5	030554E5	SE10SeducerMaleWarrior1	Dark Seducer Warrior	DarkElfRace	M	1	86,82,90	80	94,91,97	94,91,97	0
0105544F	0305544F	SERottenDenZealotBoss2TEMPLATE	Zealot Neophyte	BretonRace	F	16	220,156,109	80	201,150,112	201,150,112	0
01055422	03055422	SERottenPatrol07bTEMPLATE	Zealot Neophyte	HighElfRace	M	1	213,180,78	80	195,169,87	195,169,87	0
01055421	03055421	SERottenPatrol07aTEMPLATE	Zealot Neophyte	BretonRace	M	2	225,161,115	80	205,154,117	205,154,117	0
0105530F	0305530F	TestTrapVictimLow	LCD	BretonRace	F	16	220,156,109	80	201,150,112	201,150,112	0
0105530E	0305530E	TestTrapVictimHigh	LCD	OrcRace	F	13	100,108,44	80	105,111,60	105,111,60	0
01055199	03055199	SE08MiniBoss	Knight of Order	ImperialRace	M	1	187,117,75	80	175,119,85	175,119,85	0
01055139	03055139	SE07XirethardDarkSeducerPatrol04	Dark Seducer Archer	DarkElfRace	F	24	81,77,86	80	90,87,94	90,87,94	0
01055127	03055127	SE07XirethardDarkSeducerPatrol03	Dark Seducer	DarkElfRace	F	24	81,77,86	80	90,87,94	90,87,94	0
01055126	03055126	SE07XirethardDarkSeducerPatrol01	Dark Seducer Mage	DarkElfRace	F	24	81,77,86	80	90,87,94	90,87,94	0
01055125	03055125	SE07XirethardDarkSeducerPatrol02	Dark Seducer Archer	DarkElfRace	F	24	81,77,86	80	90,87,94	90,87,94	0
01055007	03055007	SEBreakneckNovitiate	Heretic Novitiate	HighElfRace	F	24	208,176,73	80	191,166,83	191,166,83	0
01055000	03055000	SEBreakneckPatrol02	Heretic Watchman	NordRace	M	1	235,159,140	80	213,152,137	213,152,137	0
01054FE7	03054FE7	SEBreakneckPatrol01	Heretic Watchman	HighElfRace	M	1	213,180,78	80	195,169,87	195,169,87	0
01054CD7	03054CD7	SE10SaintMaleWarrior4	Golden Saint Warrior	HighElfRace	M	1	173,119,51	80	163,120,66	163,120,66	0
01054CD6	03054CD6	SE10SaintMaleWarrior3	Golden Saint Warrior	HighElfRace	M	1	173,119,51	80	163,120,66	163,120,66	0
01054CD5	03054CD5	SE10SaintMaleWarrior2	Golden Saint Warrior	HighElfRace	M	1	173,119,51	80	163,120,66	163,120,66	0
01054CD3	03054CD3	SE10SaintMaleWarrior1	Golden Saint Warrior	HighElfRace	M	1	173,119,51	80	163,120,66	163,120,66	0
01054CA2	03054CA2	SE11Apostle07	Apostle	ImperialRace	M	1	187,117,75	80	175,119,85	175,119,85	0
01054CA1	03054CA1	SE11Apostle06	Apostle	NordRace	M	1	235,159,140	80	213,152,137	213,152,137	0
01054B43	03054B43	SE09Victim06	Victim	WoodElfRace	M	1	199,135,102	80	184,133,107	184,133,107	0
01054B42	03054B42	SE09Victim05	Victim	KhajiitRace	M	1	189,124,58	80	176,124,71	176,124,71	0
01054B41	03054B41	SE09Victim04	Victim	ArgonianRace	F	16	81,64,40	80	90,76,57	90,76,57	0
01054984	03054984	SE06DarkSeducerMissileHoldPosition05	Dark Seducer	DarkElfRace	F	24	81,77,86	80	90,87,94	90,87,94	0
01054983	03054983	SE06DarkSeducerMissileHoldPosition04	Dark Seducer	DarkElfRace	F	24	81,77,86	80	90,87,94	90,87,94	0
01054982	03054982	SE06DarkSeducerMissileHoldPosition03	Dark Seducer	DarkElfRace	F	24	81,77,86	80	90,87,94	90,87,94	0
01054981	03054981	SE06DarkSeducerMissileHoldPosition01	Dark Seducer	DarkElfRace	F	24	81,77,86	80	90,87,94	90,87,94	0
01054980	03054980	SE06DarkSeducerMeleeAttackRoomA03	Dark Seducer	DarkElfRace	F	24	81,77,86	80	90,87,94	90,87,94	0
0105497F	0305497F	SE06DarkSeducerMeleeAttackRoomA02	Dark Seducer	DarkElfRace	F	24	81,77,86	80	90,87,94	90,87,94	0
0105497E	0305497E	SE06GoldenSaint05	Golden Saint	HighElfRace	F	24	168,115,47	80	159,117,63	159,117,63	0
0105497A	0305497A	SE06GoldenSaint04	Golden Saint	HighElfRace	F	24	168,115,47	80	159,117,63	159,117,63	0
01054979	03054979	SE06GoldenSaint03	Golden Saint	HighElfRace	F	24	168,115,47	80	159,117,63	159,117,63	0
01054971	03054971	SE06GoldenSaint02	Golden Saint	HighElfRace	F	24	168,115,47	80	159,117,63	159,117,63	0
01053096	03053096	SE07ADarkSeducerEliteChambersGuard01	Dark Seducer Royal Guard	DarkElfRace	F	24	81,77,86	80	90,87,94	90,87,94	0
01053095	03053095	SE07ADarkSeducerEliteChambersGuard02	Dark Seducer Royal Guard	DarkElfRace	F	24	81,77,86	80	90,87,94	90,87,94	0
01052FE5	03052FE5	SE11Apostle05	Luminary Kaz	NordRace	M	1	235,159,140	80	213,152,137	213,152,137	0
01052FE4	03052FE4	SE11Apostle04	Apostle	ImperialRace	M	1	187,117,75	80	175,119,85	175,119,85	0
01052FE3	03052FE3	SE11Apostle03	Apostle	ImperialRace	M	1	187,117,75	80	175,119,85	175,119,85	0
01052F92	03052F92	SE07ADarkSeducerEliteQuartersGuard02	Dark Seducer Royal Guard	DarkElfRace	F	24	81,77,86	80	90,87,94	90,87,94	0
01052F90	03052F90	SE07ADarkSeducerEliteQuartersGuard01	Dark Seducer Royal Guard	DarkElfRace	F	24	81,77,86	80	90,87,94	90,87,94	0
01052F74	03052F74	SE32Reveler06	Vitharn Reveler	ImperialRace	F	13	182,112,70	80	171,115,81	171,115,81	0
01052F72	03052F72	SE32Reveler04	Vitharn Ghost Reveler	ImperialRace	F	13	182,112,70	80	171,115,81	171,115,81	0
01052F70	03052F70	SE32Reveler02	Vitharn Ghost Reveler	ImperialRace	F	13	182,112,70	80	171,115,81	171,115,81	0
01052F6F	03052F6F	SE32Reveler01	Vitharn Ghost Reveler	ImperialRace	M	1	187,117,75	80	175,119,85	175,119,85	0
01052F61	03052F61	SE32Anglor	Anglor's Ghost	WoodElfRace	M	1	199,135,102	80	184,133,107	184,133,107	0
0105284D	0305284D	SEZealot5BretonMale	Ascended Zealot	BretonRace	M	2	225,161,115	80	205,154,117	205,154,117	0
0105284C	0305284C	SEZealot5BretonFemale	Ascended Zealot	BretonRace	F	16	220,156,109	80	201,150,112	201,150,112	0
0105284B	0305284B	SEZealot4BretonMale	Zealot Patriarch	BretonRace	M	2	225,161,115	80	205,154,117	205,154,117	0
0105284A	0305284A	SEZealot4BretonFemale	Zealot Matriarch	BretonRace	F	16	220,156,109	80	201,150,112	201,150,112	0
01052849	03052849	SEZealot3BretonMale	Zealot Prosleytizer	BretonRace	M	2	225,161,115	80	205,154,117	205,154,117	0
01052848	03052848	SEZealot3BretonFemale	Zealot Prosleytizer	BretonRace	F	16	220,156,109	80	201,150,112	201,150,112	0
01052847	03052847	SEZealot2BretonMale	Zealot Missionary	BretonRace	M	2	225,161,115	80	205,154,117	205,154,117	0
01052846	03052846	SEZealot2BretonFemale	Zealot Missionary	BretonRace	F	16	220,156,109	80	201,150,112	201,150,112	0
01052845	03052845	SEZealot1BretonMale	Zealot Neophyte	BretonRace	M	2	225,161,115	80	205,154,117	205,154,117	0
01052844	03052844	SEZealot1BretonFemale	Zealot Neophyte	BretonRace	F	16	220,156,109	80	201,150,112	201,150,112	0
01052843	03052843	SEZealotBoss5HighElfFemale	Ascended Zealot	HighElfRace	F	24	208,176,73	80	191,166,83	191,166,83	0
01052842	03052842	SEZealotBoss4BretonFemale	Zealot Matriarch	BretonRace	F	16	220,156,109	80	201,150,112	201,150,112	0
01052841	03052841	SEZealotBoss3HighElfFemale	Zealot Proselytizer	HighElfRace	F	24	208,176,73	80	191,166,83	191,166,83	0
01052840	03052840	SEZealotBoss2BretonFemale	Zealot Missionary	BretonRace	F	16	220,156,109	80	201,150,112	201,150,112	0
0105283F	0305283F	SEZealotBoss1BretonFemale	Zealot Neophyte	BretonRace	F	16	220,156,109	80	201,150,112	201,150,112	0
0105283E	0305283E	SEHereticBoss5HighElfMale	Transformed Heretic	HighElfRace	M	1	213,180,78	80	195,169,87	195,169,87	0
0105283D	0305283D	SEHereticBoss4HighElfMale	Heretic Warpriest	HighElfRace	M	1	213,180,78	80	195,169,87	195,169,87	0
0105283C	0305283C	SEHereticBoss3HighElfMale	Heretic Crusader	HighElfRace	M	1	213,180,78	80	195,169,87	195,169,87	0
0105283B	0305283B	SEHereticBoss2HighElfMale	Heretic Soldier	HighElfRace	M	1	213,180,78	80	195,169,87	195,169,87	0
0105283A	0305283A	SEHereticBoss1HighElfMale	Heretic Novitiate	HighElfRace	M	1	213,180,78	80	195,169,87	195,169,87	0
01052839	03052839	SEHeretic5HighElfMale	Transformed Heretic	HighElfRace	M	1	213,180,78	80	195,169,87	195,169,87	0
01052838	03052838	SEHeretic5HighElfFemale	Transformed Heretic	HighElfRace	F	24	208,176,73	80	191,166,83	191,166,83	0
01052837	03052837	SEHeretic5BretonMale	Transformed Heretic	BretonRace	M	2	225,161,115	80	205,154,117	205,154,117	0
01052836	03052836	SEHeretic4BretonMale	Heretic Warpriest	BretonRace	M	2	225,161,115	80	205,154,117	205,154,117	0
01052835	03052835	SEHeretic4BretonFemale	Heretic Warpriest	BretonRace	F	16	220,156,109	80	201,150,112	201,150,112	0
01052834	03052834	SEHeretic4HighElfFemale	Heretic Warpriest	HighElfRace	F	24	208,176,73	80	191,166,83	191,166,83	0
01052833	03052833	SEHeretic3HighElfMale	Heretic Crusader Witch	HighElfRace	M	1	213,180,78	80	195,169,87	195,169,87	0
01052832	03052832	SEHeretic3HighElfFemale	Heretic Crusader	HighElfRace	F	24	208,176,73	80	191,166,83	191,166,83	0
01052831	03052831	SEHeretic2HighElfMale	Heretic Soldier	HighElfRace	M	1	213,180,78	80	195,169,87	195,169,87	0
01052830	03052830	SEHeretic2HighElfFemale	Heretic Soldier	HighElfRace	F	24	208,176,73	80	191,166,83	191,166,83	0
0105282F	0305282F	SEHeretic1HighElfMale	Heretic Novitiate	HighElfRace	M	1	213,180,78	80	195,169,87	195,169,87	0
0105282E	0305282E	SEHeretic1HighElfFemale	Heretic Novitiate	HighElfRace	F	24	208,176,73	80	191,166,83	191,166,83	0
01052449	03052449	TestJuan	Bruce	ImperialRace	M	1	187,117,75	80	175,119,85	175,119,85	0
01050C8F	03050C8F	SE32genericDefenderMissile03	Vitharn Ghost Archer	ImperialRace	F	13	182,112,70	80	171,115,81	171,115,81	0
01050C8E	03050C8E	SE32genericDefenderMissile02	Vitharn Ghost Archer	ImperialRace	F	13	182,112,70	80	171,115,81	171,115,81	0
01050C8D	03050C8D	SE32genericDefenderMissile01	Vitharn Ghost Archer	ImperialRace	M	1	187,117,75	80	175,119,85	175,119,85	0
01050C8B	03050C8B	SE32GenericFanaticMissile03	Ghost Fanatic Archer	NordRace	M	1	235,159,140	80	213,152,137	213,152,137	0
01050C8A	03050C8A	SE32GenericFanaticMissile02	Ghost Fanatic Archer	NordRace	M	1	235,159,140	80	213,152,137	213,152,137	0
01050C89	03050C89	SE32GenericFanaticMissile01	Ghost Fanatic Archer	NordRace	M	1	235,159,140	80	213,152,137	213,152,137	0
01050C88	03050C88	SE32genericDefender03	Vitharn Ghost Soldier	ImperialRace	M	1	187,117,75	80	175,119,85	175,119,85	0
01050C87	03050C87	SE32genericDefender02	Vitharn Ghost Soldier	ImperialRace	F	13	182,112,70	80	171,115,81	171,115,81	0
01050C86	03050C86	SE32GenericFanatic03	Ghost Fanatic	NordRace	M	1	235,159,140	80	213,152,137	213,152,137	0
01050C85	03050C85	SE32GenericFanatic02	Ghost Fanatic	NordRace	M	1	235,159,140	80	213,152,137	213,152,137	0
0104DAF7	0304DAF7	SE05SummonedSeducer4	Dark Seducer	DarkElfRace	F	24	81,77,86	80	90,87,94	90,87,94	0
0104DAF3	0304DAF3	SE05SummonedSeducer3	Dark Seducer	DarkElfRace	F	24	81,77,86	80	90,87,94	90,87,94	0
0104DAEE	0304DAEE	SE05SummonedSeducer2	Dark Seducer	DarkElfRace	F	24	81,77,86	80	90,87,94	90,87,94	0
0104D7D0	0304D7D0	SERottenPatrol06TEMPLATE	Zealot Neophyte	HighElfRace	M	1	213,180,78	80	195,169,87	195,169,87	0
0104D54F	0304D54F	SERottenPatrol05bTEMPLATE	Zealot Neophyte	HighElfRace	M	1	213,180,78	80	195,169,87	195,169,87	0
0104D52D	0304D52D	SERottenPatrol05aTEMPLATE	Zealot Neophyte	BretonRace	M	2	225,161,115	80	205,154,117	205,154,117	0
0104BD31	0304BD31	SE14Healer1	Court Healer	ImperialRace	F	13	182,112,70	80	171,115,81	171,115,81	0
0104BA28	0304BA28	SERottenDenZealotBoss1TEMPLATE	Zealot Neophyte	HighElfRace	M	1	213,180,78	80	195,169,87	195,169,87	0
0104BA06	0304BA06	SERottenPatrol02TEMPLATE	Zealot Neophyte	BretonRace	M	2	225,161,115	80	205,154,117	205,154,117	0
0104B9FE	0304B9FE	SERottenPatrol01TEMPLATE	Ascended Zealot	HighElfRace	M	1	213,180,78	80	195,169,87	195,169,87	0
0104A871	0304A871	SEDarkSeducerGuardPalacePatrol1	Dark Seducer Guard	DarkElfRace	F	24	81,77,86	80	90,87,94	90,87,94	0
0104A86F	0304A86F	SEGoldenSaintGuardPalacePatrol1	Golden Saint Guard	HighElfRace	F	24	168,115,47	80	159,117,63	159,117,63	0
0104A866	0304A866	SE13GoldenSaintDead	Golden Saint	HighElfRace	F	24	168,115,47	80	159,117,63	159,117,63	0
010471C2	030471C2	SE10Brellach04aTemplate	Knight of Order	ImperialRace	M	1	187,117,75	80	175,119,85	175,119,85	0
0104683B	0304683B	SE14VoiceofSheogorath	Voice	NordRace	M	1	235,159,140	80	213,152,137	213,152,137	0
01046836	03046836	SE14DSFemaleMelee	Dark Seducer	DarkElfRace	F	24	81,77,86	80	90,87,94	90,87,94	0
01046830	03046830	SE14GSFemaleMelee	Golden Saint	HighElfRace	F	24	168,115,47	80	159,117,63	159,117,63	0
010467CE	030467CE	SEDarkSeducerGuardPatrolNight	Dark Seducer Guard	DarkElfRace	F	24	81,77,86	80	90,87,94	90,87,94	0
010467A3	030467A3	SEGoldenSaintGuardPatrolDay	Golden Saint Guard	HighElfRace	F	24	168,115,47	80	159,117,63	159,117,63	0
010467A0	030467A0	SEGoldenSaintGuardPatrolNight	Golden Saint Guard	HighElfRace	F	24	168,115,47	80	159,117,63	159,117,63	0
0104679F	0304679F	SEGoldenSaintGuardPatrol3	Golden Saint Guard	HighElfRace	F	24	168,115,47	80	159,117,63	159,117,63	0
0104679E	0304679E	SEDarkSeducerGuardPatrolDay	Dark Seducer Guard	DarkElfRace	F	24	81,77,86	80	90,87,94	90,87,94	0
010459C1	030459C1	SEDarkSeducerGuardWilderness1	Dark Seducer Guard	DarkElfRace	F	24	81,77,86	80	90,87,94	90,87,94	0
010459C0	030459C0	SEDarkSeducerGuardWildernessOfficer	Dark Seducer Kiskedrig	DarkElfRace	F	24	81,77,86	80	90,87,94	90,87,94	0
010459A9	030459A9	SESummonDarkSeducerFemale	Dark Seducer	DarkElfRace	F	24	81,77,86	80	90,87,94	90,87,94	0
010459A8	030459A8	SESummonGoldenSaintFemale	Golden Saint	HighElfRace	F	24	168,115,47	80	159,117,63	159,117,63	0
01045946	03045946	SEGoldenSaintGuardWilderness1	Golden Saint Guard	HighElfRace	F	24	168,115,47	80	159,117,63	159,117,63	0
0104593F	0304593F	SEGoldenSaintGuardWildernessOfficer	Golden Saint Aurgezel	HighElfRace	F	24	168,115,47	80	159,117,63	159,117,63	0
010457D9	030457D9	SEGoldenSaintGuardPost	Golden Saint Guard	HighElfRace	F	24	168,115,47	80	159,117,63	159,117,63	0
01045762	03045762	SEDarkSeducerGuardPost	Dark Seducer Guard	DarkElfRace	F	24	81,77,86	80	90,87,94	90,87,94	0
0104566E	0304566E	SE09Victim03	Victim	OrcRace	M	1	103,111,45	80	107,114,61	107,114,61	0
01045631	03045631	SE14Dancer1	Dancer	ImperialRace	F	13	182,112,70	80	171,115,81	171,115,81	0
01045512	03045512	SE08KnightHoldPosition	Knight of Order	HighElfRace	M	1	213,180,78	80	195,169,87	195,169,87	0
01045418	03045418	TRAPVictimDarkSeducer	Dark Seducer	DarkElfRace	M	1	86,82,90	80	94,91,97	94,91,97	0
0104412A	0304412A	SE06DarkSeducerUlfriBodyguard02	Dark Seducer	DarkElfRace	F	24	81,77,86	80	90,87,94	90,87,94	0
010440FB	030440FB	SE09ExperimentCorpse02	Test Subject	NordRace	M	1	235,159,140	80	213,152,137	213,152,137	0
01044044	03044044	SE09ExperimentCorpse01	Test Subject	ImperialRace	F	13	182,112,70	80	171,115,81	171,115,81	0
01043F17	03043F17	SE06DarkSeducerMeleeAttackRoomA01	Dark Seducer	DarkElfRace	F	24	81,77,86	80	90,87,94	90,87,94	0
01043825	03043825	SE09Victim02	Victim	BretonRace	M	2	225,161,115	80	205,154,117	205,154,117	0
01043824	03043824	SE09Victim01	Victim	HighElfRace	F	24	208,176,73	80	191,166,83	191,166,83	0
01042FED	03042FED	SE05SeducerEscort	Dark Seducer	DarkElfRace	M	1	86,82,90	80	94,91,97	94,91,97	0
01041D90	03041D90	SEYngvar	Yngvar Doom-Sayer	NordRace	M	1	235,159,140	80	213,152,137	213,152,137	0
01041713	03041713	SEDarkSeducerMaleMelee	Dark Seducer	DarkElfRace	M	1	86,82,90	80	94,91,97	94,91,97	0
01041712	03041712	SEGoldenSaintMaleMelee	Golden Saint	HighElfRace	M	1	173,119,51	80	163,120,66	163,120,66	0
01041512	03041512	SEGoldenSaintFemaleMage	Golden Saint Mage	HighElfRace	F	24	168,115,47	80	159,117,63	159,117,63	0
01041511	03041511	SEDarkSeducerFemaleMage	Dark Seducer Mage	DarkElfRace	F	24	81,77,86	80	90,87,94	90,87,94	0
01041510	03041510	SEGoldenSaintFemaleBoss	Golden Saint	HighElfRace	F	24	168,115,47	80	159,117,63	159,117,63	0
0104150F	0304150F	SEDarkSeducerFemaleBoss	Dark Seducer	DarkElfRace	F	24	81,77,86	80	90,87,94	90,87,94	0
0104136D	0304136D	SE08GoldenSaintDeadMale	Golden Saint	HighElfRace	M	1	173,119,51	80	163,120,66	163,120,66	0
0104136C	0304136C	SE08DarkSeducerDeadMale	Dark Seducer	DarkElfRace	M	1	86,82,90	80	94,91,97	94,91,97	0
01041281	03041281	SEHereticBoss5BretonMale	Transformed Heretic	BretonRace	M	2	225,161,115	80	205,154,117	205,154,117	0
01041280	03041280	SEHereticBoss4BretonMale	Heretic Warpriest	BretonRace	M	2	225,161,115	80	205,154,117	205,154,117	0
0104127F	0304127F	SEHereticBoss3BretonMale	Heretic Crusader	BretonRace	M	2	225,161,115	80	205,154,117	205,154,117	0
0104127E	0304127E	SEHereticBoss2BretonMale	Heretic Soldier	BretonRace	M	2	225,161,115	80	205,154,117	205,154,117	0
0104127D	0304127D	SEHereticBoss1BretonMale	Heretic Novitiate	BretonRace	M	2	225,161,115	80	205,154,117	205,154,117	0
0104127A	0304127A	SEHeretic3BretonMale	Heretic Crusader Witch	BretonRace	M	2	225,161,115	80	205,154,117	205,154,117	0
01041279	03041279	SEHeretic2BretonMale	Heretic Soldier	BretonRace	M	2	225,161,115	80	205,154,117	205,154,117	0
01041278	03041278	SEHeretic1BretonMale	Heretic Novitiate	BretonRace	M	2	225,161,115	80	205,154,117	205,154,117	0
01041277	03041277	SEHeretic5BretonFemale	Transformed Heretic	BretonRace	F	16	220,156,109	80	201,150,112	201,150,112	0
01041276	03041276	SEHeretic4HighElfMale	Heretic Warpriest	HighElfRace	M	1	213,180,78	80	195,169,87	195,169,87	0
01041275	03041275	SEHeretic3BretonFemale	Heretic Crusader	BretonRace	F	16	220,156,109	80	201,150,112	201,150,112	0
01041274	03041274	SEHeretic2BretonFemale	Heretic Soldier	BretonRace	F	16	220,156,109	80	201,150,112	201,150,112	0
01041273	03041273	SEHeretic1BretonFemale	Heretic Novitiate	BretonRace	F	16	220,156,109	80	201,150,112	201,150,112	0
010411F3	030411F3	SEThaedil	Thaedil	WoodElfRace	F	24	194,131,97	80	180,130,103	180,130,103	0
0104119D	0304119D	SEZealot5HighElfFemale	Ascended Zealot	HighElfRace	F	24	208,176,73	80	191,166,83	191,166,83	0
0104119C	0304119C	SEZealot4HighElfFemale	Zealot Matriarch	HighElfRace	F	24	208,176,73	80	191,166,83	191,166,83	0
0104119B	0304119B	SEZealot3HighElfFemale	Zealot Prosleytizer	HighElfRace	F	24	208,176,73	80	191,166,83	191,166,83	0
0104119A	0304119A	SEZealot2HighElfFemale	Zealot Missionary	HighElfRace	F	24	208,176,73	80	191,166,83	191,166,83	0
01041199	03041199	SEZealot1HighElfFemale	Zealot Neophyte	HighElfRace	F	24	208,176,73	80	191,166,83	191,166,83	0
01041198	03041198	SEZealot5HighElfMale	Ascended Zealot	HighElfRace	M	1	213,180,78	80	195,169,87	195,169,87	0
01041197	03041197	SEZealot4HighElfMale	Zealot Patriarch	HighElfRace	M	1	213,180,78	80	195,169,87	195,169,87	0
01041196	03041196	SEZealot3HighElfMale	Zealot Prosleytizer	HighElfRace	M	1	213,180,78	80	195,169,87	195,169,87	0
01041195	03041195	SEZealot2HighElfMale	Zealot Missionary	HighElfRace	M	1	213,180,78	80	195,169,87	195,169,87	0
01041194	03041194	SEZealot1HighElfMale	Zealot Neophyte	HighElfRace	M	1	213,180,78	80	195,169,87	195,169,87	0
01041193	03041193	SEZealotBoss5BretonFemale	Ascended Zealot	BretonRace	F	16	220,156,109	80	201,150,112	201,150,112	0
01041192	03041192	SEZealotBoss4HighElfFemale	Zealot Matriarch	HighElfRace	F	24	208,176,73	80	191,166,83	191,166,83	0
01041191	03041191	SEZealotBoss3BretonFemale	Zealot Proselytizer	BretonRace	F	16	220,156,109	80	201,150,112	201,150,112	0
01041190	03041190	SEZealotBoss2HighElfFemale	Zealot Missionary	HighElfRace	F	24	208,176,73	80	191,166,83	191,166,83	0
0104118F	0304118F	SEZealotBoss1HighElfFemale	Zealot Neophyte	HighElfRace	F	24	208,176,73	80	191,166,83	191,166,83	0
0103DBBC	0303DBBC	SE32genericDefender01	Vitharn Ghost Soldier	ImperialRace	M	1	187,117,75	80	175,119,85	175,119,85	0
0103DBAA	0303DBAA	SE32GenericFanatic01	Ghost Fanatic	NordRace	M	1	235,159,140	80	213,152,137	213,152,137	0
0101D9D8	0301D9D8	SE08XeddefenNPC04	Refugee	RedguardRace	M	1	119,56,30	80	120,70,49	120,70,49	0
0101D9D7	0301D9D7	SE08XeddefenNPC03	Refugee	OrcRace	M	1	103,111,45	80	107,114,61	107,114,61	0
0101D9D6	0301D9D6	SE08XeddefenNPC02	Refugee	ImperialRace	F	13	182,112,70	80	171,115,81	171,115,81	0
0101D9D5	0301D9D5	SE08XeddefenNPC01	Refugee	ImperialRace	M	1	187,117,75	80	175,119,85	175,119,85	0
0101D9D4	0301D9D4	SE08XeddefenNPC05	Refugee	ImperialRace	M	1	187,117,75	80	175,119,85	175,119,85	0
0101B658	0301B658	SE10SeducerWarriorDead1	Dark Seducer Warrior	DarkElfRace	F	24	81,77,86	80	90,87,94	90,87,94	0
0101B5B6	0301B5B6	SE10KnightTemplate	Knight of Order	ImperialRace	M	1	187,117,75	80	175,119,85	175,119,85	0
0101B038	0301B038	SE10SaintWarriorDead1	Golden Saint Warrior	HighElfRace	F	24	168,115,47	80	159,117,63	159,117,63	0
0101ACC5	0301ACC5	SE13GoldenSaintGeneric2	Golden Saint	HighElfRace	F	24	168,115,47	80	159,117,63	159,117,63	0
0101AC94	0301AC94	SE13DarkSeducerGeneric2	Dark Seducer	DarkElfRace	F	24	81,77,86	80	90,87,94	90,87,94	0
0101AC91	0301AC91	SE13GoldenSaintPlayer	Golden Saint	HighElfRace	F	24	168,115,47	80	159,117,63	159,117,63	0
0101AC90	0301AC90	SE13GoldenSaintGenericOfficer	Golden Saint Auredel	HighElfRace	F	24	168,115,47	80	159,117,63	159,117,63	0
0101AC8F	0301AC8F	SE13DarkSeducerGenericOfficer	Dark Seducer Grakedrig	DarkElfRace	F	24	81,77,86	80	90,87,94	90,87,94	0
0101AC8E	0301AC8E	SE13GoldenSaintGeneric1	Golden Saint	HighElfRace	F	24	168,115,47	80	159,117,63	159,117,63	0
0101AC8D	0301AC8D	SE13DarkSeducerGeneric1	Dark Seducer	DarkElfRace	F	24	81,77,86	80	90,87,94	90,87,94	0
0101AC8C	0301AC8C	SE13DarkSeducerPlayer	Dark Seducer	DarkElfRace	F	24	81,77,86	80	90,87,94	90,87,94	0
0101A7ED	0301A7ED	SE13KnightOfOrderRespawn	Knight of Order	ImperialRace	M	1	187,117,75	80	175,119,85	175,119,85	0
0101A7A7	0301A7A7	SE13GoldenSaintPalace	Golden Saint	HighElfRace	F	24	168,115,47	80	159,117,63	159,117,63	0
0101A7A3	0301A7A3	SE13DarkSeducerPalace	Dark Seducer	DarkElfRace	F	24	81,77,86	80	90,87,94	90,87,94	0
0101A795	0301A795	SE13GoldenSaintMessenger	Golden Saint	HighElfRace	F	24	168,115,47	80	159,117,63	159,117,63	0
0101A792	0301A792	SE13DarkSeducerMessenger	Dark Seducer	DarkElfRace	F	24	81,77,86	80	90,87,94	90,87,94	0
0101A790	0301A790	SE13GoldenSaintCaptain	Aurmazl Zudeh	HighElfRace	F	24	168,115,47	80	159,117,63	159,117,63	0
0101A78E	0301A78E	SE13DarkSeducerCaptain	Autkendo Jansa	DarkElfRace	F	24	81,77,86	80	90,87,94	90,87,94	0
0101A769	0301A769	SE32Fanatic7	Ghost Fanatic	NordRace	M	1	235,159,140	80	213,152,137	213,152,137	0
0101A768	0301A768	SE32Fanatic6	Ghost Fanatic	NordRace	M	1	235,159,140	80	213,152,137	213,152,137	0
0101A767	0301A767	SE32Defender4	Vitharn Ghost Soldier	ImperialRace	M	1	187,117,75	80	175,119,85	175,119,85	0
0101A766	0301A766	SE32Defender3	Vitharn Ghost Soldier	ImperialRace	M	1	187,117,75	80	175,119,85	175,119,85	0
0101A765	0301A765	SE32Defender2	Vitharn Ghost Soldier	ImperialRace	M	1	187,117,75	80	175,119,85	175,119,85	0
0101A764	0301A764	SE32Defender1	Vitharn Ghost Soldier	ImperialRace	M	1	187,117,75	80	175,119,85	175,119,85	0
0101A763	0301A763	SE32Fanatic8	Ghost Fanatic	NordRace	M	1	235,159,140	80	213,152,137	213,152,137	0
0101A3AA	0301A3AA	SE32Fanatic5	Ghost Fanatic	NordRace	M	1	235,159,140	80	213,152,137	213,152,137	0
0101A388	0301A388	SE11ApostleTraitor02	Apostle	RedguardRace	M	1	119,56,30	80	120,70,49	120,70,49	0
0101A1B2	0301A1B2	SE06DarkSeducerMissileRedeploy03	Dark Seducer	DarkElfRace	F	24	81,77,86	80	90,87,94	90,87,94	0
0101A1B1	0301A1B1	SE06DarkSeducerMissileRedeploy02	Dark Seducer	DarkElfRace	F	24	81,77,86	80	90,87,94	90,87,94	0
0101A165	0301A165	SE06DarkSeducerUlfriBodyguard01	Dark Seducer	DarkElfRace	F	24	81,77,86	80	90,87,94	90,87,94	0
0101A13E	0301A13E	SE06DarkSeducerMissileRedeploy01	Dark Seducer	DarkElfRace	F	24	81,77,86	80	90,87,94	90,87,94	0
0101A13D	0301A13D	SE06DarkSeducerMeleeRedeploy01	Dark Seducer	DarkElfRace	F	24	81,77,86	80	90,87,94	90,87,94	0
0101A13C	0301A13C	SE06DarkSeducerMeleeHoldPosition	Dark Seducer	DarkElfRace	F	24	81,77,86	80	90,87,94	90,87,94	0
0101A117	0301A117	SEBelmyneDreleth	Belmyne Dreleth	DarkElfRace	M	1	89,88,83	80	96,95,91	96,95,91	0
0101A116	0301A116	SESfara	S'fara	KhajiitRace	F	4	184,131,76	80	172,130,86	172,130,86	0
01019D74	03019D74	SE12OrderPriestGeneric1	Priest of Order	ImperialRace	M	1	187,117,75	80	175,119,85	175,119,85	0
01019CE0	03019CE0	TestJoelSE09Spook	Spook	NordRace	M	1	235,159,140	80	213,152,137	213,152,137	0
01019848	03019848	SE03KnightofOrderTemplate	Knight of Order	ImperialRace	M	1	187,117,75	80	175,119,85	175,119,85	0
0101951C	0301951C	SE06DarkSeducerMissileHoldPosition02	Dark Seducer	DarkElfRace	F	24	81,77,86	80	90,87,94	90,87,94	0
01018FDB	03018FDB	SE02OrcAdventurer1	Adventurer	NordRace	M	1	235,159,140	80	213,152,137	213,152,137	0
01018FDA	03018FDA	SE02OrcAdventurer2	Adventurer	ArgonianRace	F	16	81,64,40	80	90,76,57	90,76,57	0
01018FD9	03018FD9	SE02OrcAdventurer3	Adventurer	ImperialRace	M	1	187,117,75	80	175,119,85	175,119,85	0
01018FD8	03018FD8	SE02OrcAdventurer4	Adventurer	KhajiitRace	M	1	189,124,58	80	176,124,71	176,124,71	0
01018F8F	03018F8F	SEStela	Stela	DarkElfRace	F	24	81,77,86	80	90,87,94	90,87,94	0
01018DBF	03018DBF	SE06DarkSeducerWarden	Vika	DarkElfRace	F	24	81,77,86	80	90,87,94	90,87,94	0
01018DBE	03018DBE	SE06GoldenSaintWarden	Chuna	HighElfRace	F	24	168,115,47	80	159,117,63	159,117,63	0
01018C68	03018C68	SELewinTilwald	Lewin Tilwald	BretonRace	M	2	225,161,115	80	205,154,117	205,154,117	0
01018C66	03018C66	SESyndeliusGatharian	Syndelius Gatharian	DarkElfRace	M	1	89,88,83	80	96,95,91	96,95,91	0
01018C65	03018C65	SEGrommokgroBarak	Grommok gro-Barak	OrcRace	M	1	103,111,45	80	107,114,61	107,114,61	0
01018C63	03018C63	SEKilibanNyrandil	Kiliban Nyrandil	DarkElfRace	M	1	89,88,83	80	96,95,91	96,95,91	0
0101803E	0301803E	SE08KnightWave	Knight of Order	HighElfRace	M	1	213,180,78	80	195,169,87	195,169,87	0
01017D00	03017D00	SE10SeducerWarrior2	Dark Seducer Warrior	DarkElfRace	F	24	81,77,86	80	90,87,94	90,87,94	0
01017CFD	03017CFD	SE10SeducerWarrior1	Dark Seducer Warrior	DarkElfRace	F	24	81,77,86	80	90,87,94	90,87,94	0
01017C82	03017C82	SE08c2PriestNPCunique	Priest of Order	ImperialRace	M	1	187,117,75	80	175,119,85	175,119,85	0
01017C6B	03017C6B	SE08c2Patrol	Knight of Order	ImperialRace	M	1	187,117,75	80	175,119,85	175,119,85	0
01017854	03017854	SEUrulGoAgamphDementia	Urul gro-Agamph	OrcRace	M	1	103,111,45	80	107,114,61	107,114,61	0
0101783D	0301783D	SEJzidzoDementia	J'zidzo	KhajiitRace	M	1	189,124,58	80	176,124,71	176,124,71	0
0101783A	0301783A	SEJastiraNanusDementia	Jastira Nanus	ImperialRace	F	13	182,112,70	80	171,115,81	171,115,81	0
0101746E	0301746E	SEDylora	Dylora	DarkElfRace	F	24	81,77,86	80	90,87,94	90,87,94	0
0101745F	0301745F	SE10SaintWarrior2	Golden Saint Warrior	HighElfRace	F	24	168,115,47	80	159,117,63	159,117,63	0
0101745C	0301745C	SE10SaintWarrior1	Golden Saint Warrior	HighElfRace	F	24	168,115,47	80	159,117,63	159,117,63	0
0101743F	0301743F	SE08GoldenSaint04	Golden Saint Soldier	HighElfRace	M	1	173,119,51	80	163,120,66	163,120,66	0
0101743E	0301743E	SE08GoldenSaint03	Golden Saint Soldier	HighElfRace	M	1	173,119,51	80	163,120,66	163,120,66	0
0101743D	0301743D	SE08GoldenSaint02	Golden Saint Soldier	HighElfRace	M	1	173,119,51	80	163,120,66	163,120,66	0
0101743C	0301743C	SE08GoldenSaint01	Golden Saint Soldier	HighElfRace	M	1	173,119,51	80	163,120,66	163,120,66	0
01017439	03017439	SE08GoldenSaintAurigDesha	Aurig Desha	HighElfRace	F	24	168,115,47	80	159,117,63	159,117,63	0
01017438	03017438	SE08DarkSeducerDeadFemale	Dark Seducer	DarkElfRace	F	24	81,77,86	80	90,87,94	90,87,94	0
01017437	03017437	SE08DarkSeducer04	Dark Seducer Soldier	DarkElfRace	M	1	86,82,90	80	94,91,97	94,91,97	0
01017436	03017436	SE08DarkSeducer03	Dark Seducer Soldier	DarkElfRace	M	1	86,82,90	80	94,91,97	94,91,97	0
01017435	03017435	SE08DarkSeducer02	Dark Seducer Soldier	DarkElfRace	M	1	86,82,90	80	94,91,97	94,91,97	0
01017434	03017434	SE08DarkSeducer01	Dark Seducer Soldier	DarkElfRace	M	1	86,82,90	80	94,91,97	94,91,97	0
01017433	03017433	SE08DarkSeducerGrakendoUdico	Grakendo Udico	DarkElfRace	F	24	81,77,86	80	90,87,94	90,87,94	0
01017432	03017432	SE08GoldenSaintDeadFemale	Golden Saint	HighElfRace	F	24	168,115,47	80	159,117,63	159,117,63	0
0101723C	0301723C	SE07ADarkSeducerEliteBodyguard	Dark Seducer Royal Guard	DarkElfRace	F	24	81,77,86	80	90,87,94	90,87,94	0
010171DE	030171DE	SE08c1Priest02	Priest of Order	ImperialRace	M	1	187,117,75	80	175,119,85	175,119,85	0
010171C5	030171C5	SE12OrderPriestMania2	Priest of Order	ImperialRace	M	1	187,117,75	80	175,119,85	175,119,85	0
010171C4	030171C4	SE12OrderPriestDementia3	Priest of Order	ImperialRace	F	13	182,112,70	80	171,115,81	171,115,81	0
010171C2	030171C2	SE12OrderPriestDementia2	Priest of Order	ImperialRace	M	1	187,117,75	80	175,119,85	175,119,85	0
010171C1	030171C1	SE12OrderPriestDementia1	Priest of Order	HighElfRace	M	1	213,180,78	80	195,169,87	195,169,87	0
010171C0	030171C0	SE12OrderPriestMania3	Priest of Order	ImperialRace	F	13	182,112,70	80	171,115,81	171,115,81	0
0101719A	0301719A	SE08KnightBasicPackage	Knight of Order	ImperialRace	M	1	187,117,75	80	175,119,85	175,119,85	0
01017062	03017062	TestJoelPawnKnight03	Pawn One	HighElfRace	M	1	213,180,78	80	195,169,87	195,169,87	0
01017061	03017061	TestJoelKnight02	Pawn One	HighElfRace	M	1	213,180,78	80	195,169,87	195,169,87	0
01017060	03017060	TestJoelPawnKnight01	Pawn One	HighElfRace	M	1	213,180,78	80	195,169,87	195,169,87	0
0101705F	0301705F	SE08c1PriestNPCunique	Priest of Order	HighElfRace	M	1	213,180,78	80	195,169,87	195,169,87	0
01016FC1	03016FC1	SE12OrderPriestMania1	Priest of Order	WoodElfRace	M	1	199,135,102	80	184,133,107	184,133,107	0
01016B8E	03016B8E	SEStaada	Staada	HighElfRace	F	24	168,115,47	80	159,117,63	159,117,63	0
01016B75	03016B75	SE11Rakheran	Ra'kheran	KhajiitRace	M	1	189,124,58	80	176,124,71	176,124,71	0
0101681B	0301681B	SEAdeo	Adeo	DarkElfRace	F	24	81,77,86	80	90,87,94	90,87,94	0
01016819	03016819	SEIssmi	Issmi	HighElfRace	F	24	168,115,47	80	159,117,63	159,117,63	0
01016569	03016569	SEHorkvirBearArmDementia	Horkvir Bear-Arm	NordRace	M	1	235,159,140	80	213,152,137	213,152,137	0
010164C1	030164C1	SE10Seducer	Dark Seducer Messenger	DarkElfRace	M	1	86,82,90	80	94,91,97	94,91,97	0
010164BF	030164BF	SE10Saint	Golden Saint Messenger	HighElfRace	F	24	168,115,47	80	159,117,63	159,117,63	0
010158A2	030158A2	SEOrderPriest5	Priest of Order	WoodElfRace	M	1	199,135,102	80	184,133,107	184,133,107	0
010158A1	030158A1	SEOrderPriest4	Priest of Order	DarkElfRace	M	1	89,88,83	80	96,95,91	96,95,91	0
010158A0	030158A0	SEOrderPriest3	Priest of Order	ImperialRace	M	1	187,117,75	80	175,119,85	175,119,85	0
01015867	03015867	SEAtrabhiDementia	Atrabhi	KhajiitRace	F	4	184,131,76	80	172,130,86	172,130,86	0
0101584C	0301584C	TestJoelPawn01	Pawn One	HighElfRace	M	1	213,180,78	80	195,169,87	195,169,87	0
01015662	03015662	SEKnightOfOrderRespawn	Knight of Order	ImperialRace	M	1	187,117,75	80	175,119,85	175,119,85	0
010155A4	030155A4	SEBrithaur	Brithaur	WoodElfRace	M	1	199,135,102	80	184,133,107	184,133,107	0
010155A3	030155A3	SEHirrusClutumnus	Hirrus Clutumnus	ImperialRace	M	1	187,117,75	80	175,119,85	175,119,85	0
010155A2	030155A2	SEMazaddha	Ma'zaddha	KhajiitRace	M	1	189,124,58	80	176,124,71	176,124,71	0
010155A1	030155A1	SESicklyBernice	Sickly Bernice	BretonRace	F	16	220,156,109	80	201,150,112	201,150,112	0
010155A0	030155A0	SEAhjazda	Ahjazda	KhajiitRace	F	4	184,131,76	80	172,130,86	172,130,86	0
0101559F	0301559F	SEEaril	Earil	HighElfRace	M	1	213,180,78	80	195,169,87	195,169,87	0
0101559E	0301559E	SEUnaArmina	Una Armina	ImperialRace	F	13	182,112,70	80	171,115,81	171,115,81	0
0101559D	0301559D	SEDumagGraBonk	Dumag gro-Bonk	OrcRace	M	1	103,111,45	80	107,114,61	107,114,61	0
0101559C	0301559C	SECaldanaMonrius	Caldana Monrius	ImperialRace	F	13	182,112,70	80	171,115,81	171,115,81	0
0101559B	0301559B	SEUshnarGroShadborgob	Ushnar gro-Shadborgob	OrcRace	M	1	103,111,45	80	107,114,61	107,114,61	0
0101559A	0301559A	SESontaire	Sontaire	HighElfRace	F	24	208,176,73	80	191,166,83	191,166,83	0
01015599	03015599	SERunsInCircles	Runs-in-Circles	ArgonianRace	F	16	81,64,40	80	90,76,57	90,76,57	0
01015598	03015598	SERelan	Relan	RedguardRace	M	1	119,56,30	80	120,70,49	120,70,49	0
01015595	03015595	SEBeelei	Beelei	ArgonianRace	F	16	81,64,40	80	90,76,57	90,76,57	0
01015594	03015594	SEBruscusDannus	Bruscus Dannus	ImperialRace	M	1	187,117,75	80	175,119,85	175,119,85	0
01015592	03015592	SERanarrJo	Ranarr-Jo	KhajiitRace	M	1	189,124,58	80	176,124,71	176,124,71	0
01015591	03015591	SEMiriliUlven	Mirili Ulven	DarkElfRace	F	24	84,84,78	80	92,92,87	92,92,87	0
01015590	03015590	SEKishashi	Kishashi	KhajiitRace	F	4	184,131,76	80	172,130,86	172,130,86	0
0101558F	0301558F	SEHorkvirBearArmMania	Horkvir Bear-Arm	NordRace	M	1	235,159,140	80	213,152,137	213,152,137	0
0101558D	0301558D	SEErverDevani	Erver Devani	DarkElfRace	M	1	89,88,83	80	96,95,91	96,95,91	0
0101558C	0301558C	SEDulphumphGroUrgash	Dulphumph gro-Urgash	OrcRace	M	1	103,111,45	80	107,114,61	107,114,61	0
01015588	03015588	SECindanwe	Cindanwe	HighElfRace	F	24	208,176,73	80	191,166,83	191,166,83	0
01014CBE	03014CBE	SE11ApostleTraitor01	Apostle	ImperialRace	M	1	187,117,75	80	175,119,85	175,119,85	0
01014C73	03014C73	SE11Apostle02	Apostle	ImperialRace	M	1	187,117,75	80	175,119,85	175,119,85	0
01014C56	03014C56	SE11Apostle01	Apostle	NordRace	M	1	235,159,140	80	213,152,137	213,152,137	0
0101445C	0301445C	SEKnightOfOrder2	Knight of Order	ImperialRace	M	1	187,117,75	80	175,119,85	175,119,85	0
0101445B	0301445B	SEKnightOfOrder3	Knight of Order	ImperialRace	M	1	187,117,75	80	175,119,85	175,119,85	0
0101445A	0301445A	SEKnightOfOrder4	Knight of Order	ImperialRace	M	1	187,117,75	80	175,119,85	175,119,85	0
01013BC7	03013BC7	SENelrene	Nelrene	DarkElfRace	F	24	81,77,86	80	90,87,94	90,87,94	0
01013BC5	03013BC5	SEMuurine	Muurine	HighElfRace	F	24	208,176,73	80	191,166,83	191,166,83	0
01013640	03013640	SESheogorath	Sheogorath	ImperialRace	M	1	199,135,102	80	184,133,107	184,133,107	0
0101362F	0301362F	SEGundlar	Gundlar	NordRace	M	1	235,159,140	80	213,152,137	213,152,137	0
0101362E	0301362E	SEDervenin	Dervenin	WoodElfRace	M	1	199,135,102	80	184,133,107	184,133,107	0
0101362D	0301362D	SEArctus	Arctus	NordRace	M	1	235,159,140	80	213,152,137	213,152,137	0
0101362C	0301362C	SEAnyaHerrick	Anya Herrick	BretonRace	F	16	220,156,109	80	201,150,112	201,150,112	0
01013623	03013623	SEBrevi	Brevi	DarkElfRace	F	24	81,77,86	80	90,87,94	90,87,94	0
010135B7	030135B7	SE11Ciirta	Ciirta	ImperialRace	F	13	182,112,70	80	171,115,81	171,115,81	0
010135B6	030135B6	SEDyus	Dyus	ImperialRace	M	1	187,117,75	80	175,119,85	175,119,85	0
0101359D	0301359D	SEHerdir	Herdir	ImperialRace	M	1	187,117,75	80	175,119,85	175,119,85	0
0101358C	0301358C	SEOrderPriest2	Priest of Order	RedguardRace	M	1	119,56,30	80	120,70,49	120,70,49	0
010134DD	030134DD	SEOrderPriest1	Priest of Order	HighElfRace	M	1	213,180,78	80	195,169,87	195,169,87	0
010133C0	030133C0	SEHaskill	Haskill	BretonRace	M	2	225,161,115	80	205,154,117	205,154,117	0
010133BE	030133BE	SE01GaiusPrentus	Gaius Prentus	ImperialRace	M	1	187,117,75	80	175,119,85	175,119,85	0
01012D41	03012D41	SENanetteDon	Nanette Don	BretonRace	F	16	220,156,109	80	201,150,112	201,150,112	0
01012109	03012109	SEWideEye	Wide-Eye	ArgonianRace	F	16	81,64,40	80	90,76,57	90,76,57	0
01012108	03012108	SEKithlan	Kithlan	RedguardRace	M	1	119,56,30	80	120,70,49	120,70,49	0
01012107	03012107	SESyl	Syl	WoodElfRace	F	24	194,131,97	80	180,130,103	180,130,103	0
01012106	03012106	SEThadon	Thadon	WoodElfRace	M	1	199,135,102	80	184,133,107	184,133,107	0
010120FD	030120FD	SE32VitharnSoldier01	Vitharn Ghost Soldier	ImperialRace	M	1	187,117,75	80	175,119,85	175,119,85	0
010120F2	030120F2	SE06GoldenSaint01	Golden Saint	HighElfRace	F	24	168,115,47	80	159,117,63	159,117,63	0
010120ED	030120ED	SEMirel	Mirel	HighElfRace	M	1	173,119,51	80	163,120,66	163,120,66	0
010120EC	030120EC	SEKaneh	Aurmazl Kaneh	HighElfRace	F	24	168,115,47	80	159,117,63	159,117,63	0
010120E4	030120E4	SE32Fanatic4Boss	Devoted Ghost Fanatic	NordRace	M	1	235,159,140	80	213,152,137	213,152,137	0
010120E2	030120E2	SE32Fanatic3	Ghost Fanatic	NordRace	M	1	235,159,140	80	213,152,137	213,152,137	0
010120E1	030120E1	SE32Fanatic2	Ghost Fanatic	NordRace	M	1	235,159,140	80	213,152,137	213,152,137	0
010120E0	030120E0	SE32Fanatic1	Ghost Fanatic	NordRace	M	1	235,159,140	80	213,152,137	213,152,137	0
010120DB	030120DB	SE32BatGroOrkul	Bat gro-Orkul's Ghost	OrcRace	M	1	103,111,45	80	107,114,61	107,114,61	0
010120D6	030120D6	SE32CountCirion	Count Cirion's Ghost	HighElfRace	M	1	213,180,78	80	195,169,87	195,169,87	0
01012092	03012092	SEUlfri	Grakedrig Ulfri	DarkElfRace	F	24	81,77,86	80	90,87,94	90,87,94	0
0101208D	0301208D	SEZoeMalene	Zoe Malene	BretonRace	F	16	220,156,109	80	201,150,112	201,150,112	0
0101208C	0301208C	SEUrulGoAgamphMania	Urul gro-Agamph	OrcRace	M	1	103,111,45	80	107,114,61	107,114,61	0
0101208B	0301208B	SEToveTheUnrestful	Tove the Unrestful	NordRace	M	1	235,159,140	80	213,152,137	213,152,137	0
0101208A	0301208A	SETilseAreleth	Tilse Areleth	DarkElfRace	F	24	84,84,78	80	92,92,87	92,92,87	0
01012089	03012089	SETallTreesFalling	Tall-Trees-Falling	ArgonianRace	F	16	81,64,40	80	90,76,57	90,76,57	0
01012088	03012088	SESheerMeedish	Sheer Meedish	ArgonianRace	F	16	81,64,40	80	90,76,57	90,76,57	0
01012087	03012087	SERendilDrarara	Rendil Drarara	DarkElfRace	M	1	89,88,83	80	96,95,91	96,95,91	0
01012086	03012086	SERavenBiter	Raven Biter	ArgonianRace	M	38	101,56,33	80	106,70,51	106,70,51	0
01012084	03012084	SEOrinthal	Orinthal	RedguardRace	M	1	119,56,30	80	120,70,49	120,70,49	0
01012083	03012083	SEJastiraNanusMania	Jastira Nanus	ImperialRace	F	13	182,112,70	80	171,115,81	171,115,81	0
01012082	03012082	SEJzidzoMania	J'zidzo	KhajiitRace	M	1	189,124,58	80	176,124,71	176,124,71	0
01012081	03012081	SE32HlovalDreth	Hloval Dreth's Ghost	DarkElfRace	M	1	89,88,83	80	96,95,91	96,95,91	0
01012080	03012080	SEHalion	Halion	HighElfRace	M	1	213,180,78	80	195,169,87	195,169,87	0
0101207F	0301207F	SE32DesideratusAnnius	Desideratus Annius' Ghost	ImperialRace	M	1	187,117,75	80	175,119,85	175,119,85	0
0101207E	0301207E	SECutter	Cutter	WoodElfRace	F	24	194,131,97	80	180,130,103	180,130,103	0
0101207D	0301207D	SEBigHead	Big Head	ArgonianRace	M	38	101,56,33	80	106,70,51	106,70,51	0
0101207C	0301207C	SEAtrabhiMania	Atrabhi	KhajiitRace	F	4	184,131,76	80	172,130,86	172,130,86	0
0101207B	0301207B	SE32Althel	Althel's Ghost	WoodElfRace	F	24	194,131,97	80	180,130,103	180,130,103	0
0101207A	0301207A	SEAmiableFanriene	Amiable Fanriene	BretonRace	M	2	225,161,115	80	205,154,117	205,154,117	0
01011FD4	03011FD4	SEDarkSeducerFemaleMissile	Dark Seducer Archer	DarkElfRace	F	24	81,77,86	80	90,87,94	90,87,94	0
01011FD3	03011FD3	SEDarkSeducerFemaleMelee	Dark Seducer	DarkElfRace	F	24	81,77,86	80	90,87,94	90,87,94	0
01011FCC	03011FCC	SEGoldenSaintFemaleMissile	Golden Saint Archer	HighElfRace	F	24	168,115,47	80	159,117,63	159,117,63	0
01011FC5	03011FC5	SEGoldenSaintFemaleMelee	Golden Saint	HighElfRace	F	24	168,115,47	80	159,117,63	159,117,63	0
01011FA3	03011FA3	SEShelden	Shelden	RedguardRace	M	1	119,56,30	80	120,70,49	120,70,49	0
01011FA2	03011FA2	SERelmynaVerenim	Relmyna Verenim	DarkElfRace	F	24	84,84,78	80	92,92,87	92,92,87	0
01011FA1	03011FA1	SEJayredIceVeins	Jayred Ice-Veins	NordRace	M	1	235,159,140	80	213,152,137	213,152,137	0
01011FA0	03011FA0	SEFelasSarandas	Felas Sarandas	DarkElfRace	M	1	89,88,83	80	96,95,91	96,95,91	0
01011F9F	03011F9F	SEDredhwen	Dredhwen	WoodElfRace	F	24	194,131,97	80	180,130,103	180,130,103	0
01011F9E	03011F9E	SE02OrcCaptain	Orc Adventurer Captain	OrcRace	M	1	103,111,45	80	107,114,61	107,114,61	0
0100C57C	0300C57C	MQ14DremoraMelee1	Dremora Feydnaz	DremoraRace	M	1	59,58,55	80	72,71,69	72,71,69	0
0100C51A	0300C51A	TG08MothPriestMaleGuard01	Blind Moth Priest	ImperialRace	M	1	187,117,75	80	175,119,85	175,119,85	0
0100A0BB	0300A0BB	SkingradGuardPostStablesNight	Skingrad Guard	ImperialRace	M	1	187,117,75	80	175,119,85	175,119,85	0
0100A0BA	0300A0BA	SkingradGuardPostStablesDay	Skingrad Guard	ImperialRace	M	1	187,117,75	80	175,119,85	175,119,85	0
0100A0B9	0300A0B9	LeyawiinGuardCityPostStablesNight	Leyawiin City Watch	ImperialRace	M	1	187,117,75	80	175,119,85	175,119,85	0
0100A0B8	0300A0B8	LeyawiinGuardCityStablesPostDay	Leyawiin City Watch	ImperialRace	M	1	187,117,75	80	175,119,85	175,119,85	0
0100A0B7	0300A0B7	ChorrolGuardPostStablesNight	Chorrol Guard	ImperialRace	M	1	187,117,75	80	175,119,85	175,119,85	0
0100A0B6	0300A0B6	ChorrolGuardPostStablesDay	Chorrol Guard	ImperialRace	M	1	187,117,75	80	175,119,85	175,119,85	0
0100A0B5	0300A0B5	CheydinhalGuardCityPostStablesNight	Cheydinhal Guard	ImperialRace	M	1	187,117,75	80	175,119,85	175,119,85	0
0100A0B4	0300A0B4	CheydinhalGuardCityPostStablesDay	Cheydinhal Guard	ImperialRace	M	1	187,117,75	80	175,119,85	175,119,85	0
0100A0B3	0300A0B3	BrumaGuardCityPostStablesNight	Bruma Guard	ImperialRace	M	1	187,117,75	80	175,119,85	175,119,85	0
0100A0B2	0300A0B2	BrumaGuardCityPostStablesDay	Bruma Guard	ImperialRace	M	1	187,117,75	80	175,119,85	175,119,85	0
0100A0B1	0300A0B1	BravilGuardCityPostStablesNight	Bravil Guard	ImperialRace	M	1	187,117,75	80	175,119,85	175,119,85	0
0100A0B0	0300A0B0	BravilGuardCityPostStablesDay	Bravil Guard	ImperialRace	M	1	187,117,75	80	175,119,85	175,119,85	0
0100A0AF	0300A0AF	AnvilGuardCityPostStablesNight	Anvil Guard	ImperialRace	M	1	187,117,75	80	175,119,85	175,119,85	0
0100A0AE	0300A0AE	AnvilGuardCityPostStablesDay	Anvil Guard	ImperialRace	M	1	187,117,75	80	175,119,85	175,119,85	0
0100C23E	0300C23E	TestBruceItems	Bruce	BretonRace	M	2	225,161,115	80	205,154,117	205,154,117	0
0100B513	0300B513	TESTVampireMelee21	Vampire Patriarch	OrcRace	M	1	103,111,45	80	107,114,61	107,114,61	0
0100B512	0300B512	TESTVampireMelee14	Vampire Patriarch	OrcRace	M	1	103,111,45	80	107,114,61	107,114,61	0
0100B511	0300B511	TESTVampireMelee7	Vampire Patriarch	OrcRace	M	1	103,111,45	80	107,114,61	107,114,61	0
0100B510	0300B510	TESTVampireMage21	Vampire Patriarch	HighElfRace	M	1	213,180,78	80	195,169,87	195,169,87	0
0100B50F	0300B50F	TESTVampireMage14	Vampire Patriarch	HighElfRace	M	1	213,180,78	80	195,169,87	195,169,87	0
0100B50E	0300B50E	TESTVampireMage7	Vampire Patriarch	HighElfRace	M	1	213,180,78	80	195,169,87	195,169,87	0
0100B50D	0300B50D	TESTVampireArcher21	Vampire Matriarch	DarkElfRace	F	24	84,84,78	80	92,92,87	92,92,87	0
0100B50C	0300B50C	TESTVampireArcher14	Vampire Matriarch	DarkElfRace	F	24	84,84,78	80	92,92,87	92,92,87	0
0100B50B	0300B50B	TESTVampireArcher7	Vampire Matriarch	DarkElfRace	F	24	84,84,78	80	92,92,87	92,92,87	0
0100B50A	0300B50A	TESTVampireMage	Vampire Patriarch	HighElfRace	M	1	213,180,78	80	195,169,87	195,169,87	0
0100B509	0300B509	TESTVampireMelee	Vampire Patriarch	OrcRace	M	1	103,111,45	80	107,114,61	107,114,61	0
0100B508	0300B508	TESTVampireArcher	Vampire Matriarch	DarkElfRace	F	24	84,84,78	80	92,92,87	92,92,87	0
01009ADF	03009ADF	TESTNecromancer21	Necromancer Adept	BretonRace	F	16	220,156,109	80	201,150,112	201,150,112	0
01009ADE	03009ADE	TESTNecromancer14	Necromancer Adept	BretonRace	F	16	220,156,109	80	201,150,112	201,150,112	0
01009ADD	03009ADD	TESTNecromancer7	Necromancer Adept	BretonRace	F	16	220,156,109	80	201,150,112	201,150,112	0
01009ADC	03009ADC	TESTMarauder21	Marauder Warlord	NordRace	M	1	235,159,140	80	213,152,137	213,152,137	0
01009ADB	03009ADB	TESTMarauder14	Marauder Warlord	NordRace	M	1	235,159,140	80	213,152,137	213,152,137	0
01009ADA	03009ADA	TESTMarauder7	Marauder Warlord	NordRace	M	1	235,159,140	80	213,152,137	213,152,137	0
01009AD9	03009AD9	TESTConjurer21	Conjurer Adept	BretonRace	M	2	225,161,115	80	205,154,117	205,154,117	0
01009AD8	03009AD8	TESTConjurer14	Conjurer Adept	BretonRace	M	2	225,161,115	80	205,154,117	205,154,117	0
01009AD7	03009AD7	TESTConjurer7	Conjurer Adept	BretonRace	M	2	225,161,115	80	205,154,117	205,154,117	0
01009AD6	03009AD6	TESTBandit21	Bandit Ringleader	RedguardRace	F	23	114,52,24	80	116,67,44	116,67,44	0
01009AD5	03009AD5	TESTBandit7	Bandit Ringleader	RedguardRace	F	23	114,52,24	80	116,67,44	116,67,44	0
01009AD3	03009AD3	TESTBandit14	Bandit Ringleader	RedguardRace	F	23	114,52,24	80	116,67,44	116,67,44	0
01009AC1	03009AC1	TESTNecromancer	Necromancer Adept	BretonRace	F	16	220,156,109	80	201,150,112	201,150,112	0
01009AC0	03009AC0	TESTConjurer	Conjurer Adept	BretonRace	M	2	225,161,115	80	205,154,117	205,154,117	0
01009ABF	03009ABF	TESTMarauder	Marauder Warlord	NordRace	M	1	235,159,140	80	213,152,137	213,152,137	0
01009ABE	03009ABE	TESTBandit	Bandit Ringleader	RedguardRace	F	23	114,52,24	80	116,67,44	116,67,44	0
0100950D	0300950D	TestBruceNoMagic	Bruce	ImperialRace	M	1	187,117,75	80	175,119,85	175,119,85	0
01008B0F	03008B0F	TestJPD01	Heavy Armor 1	NordRace	M	1	235,159,140	80	213,152,137	213,152,137	0
01008B0E	03008B0E	TestJPD03	Heavy Armor 100	NordRace	M	1	235,159,140	80	213,152,137	213,152,137	0
01008B0D	03008B0D	TestJPD02	Heavy Armor 50	NordRace	M	1	235,159,140	80	213,152,137	213,152,137	0
010055BD	030055BD	TESTDetection	Bandit	KhajiitRace	M	1	189,124,58	80	176,124,71	176,124,71	0
01005571	03005571	VeyondArgMale4Assassin	Argonian Tribesman	ArgonianRace	M	38	101,56,33	80	106,70,51	106,70,51	0
01005570	03005570	VeyondArgBossFemale2	Argonian Chieftain	ArgonianRace	F	16	81,64,40	80	90,76,57	90,76,57	0
0100556F	0300556F	VeyondArgBossFemale1	Argonian Chieftain	ArgonianRace	F	16	81,64,40	80	90,76,57	90,76,57	0
0100556E	0300556E	VeyondArgBossMale2	Argonian Chieftain	ArgonianRace	M	38	101,56,33	80	106,70,51	106,70,51	0
0100556D	0300556D	VeyondArgBossMale1	Argonian Chieftain	ArgonianRace	M	38	101,56,33	80	106,70,51	106,70,51	0
0100556C	0300556C	VeyondArgShamanFemale3A	Argonian Shaman	ArgonianRace	F	16	81,64,40	80	90,76,57	90,76,57	0
0100556B	0300556B	VeyondArgShamanFemale4A	Argonian Shaman	ArgonianRace	F	16	81,64,40	80	90,76,57	90,76,57	0
0100556A	0300556A	VeyondArgShamanMale2	Argonian Shaman	ArgonianRace	M	38	101,56,33	80	106,70,51	106,70,51	0
01005569	03005569	VeyondArgShamanMale3B	Argonian Shaman	ArgonianRace	M	38	101,56,33	80	106,70,51	106,70,51	0
01005568	03005568	VeyondArgFemale4Scout	Argonian Tribesman	ArgonianRace	F	16	81,64,40	80	90,76,57	90,76,57	0
01005567	03005567	VeyondArgFemale4Nightblade	Argonian Tribesman	ArgonianRace	F	16	81,64,40	80	90,76,57	90,76,57	0
01005566	03005566	VeyondArgFemale3Monk	Argonian Tribesman	ArgonianRace	F	16	81,64,40	80	90,76,57	90,76,57	0
01005565	03005565	VeyondArgFemale3Assassin	Argonian Tribesman	ArgonianRace	F	16	81,64,40	80	90,76,57	90,76,57	0
01005564	03005564	VeyondArgFemale2Blademaster	Argonian Tribesman	ArgonianRace	F	16	81,64,40	80	90,76,57	90,76,57	0
01005563	03005563	VeyondArgMale2Blademaster	Argonian Tribesman	ArgonianRace	M	38	101,56,33	80	106,70,51	106,70,51	0
01005562	03005562	VeyondArgMale3Scout	Argonian Tribesman	ArgonianRace	M	38	101,56,33	80	106,70,51	106,70,51	0
01005561	03005561	VeyondArgMale3Nightblade	Argonian Tribesman	ArgonianRace	M	38	101,56,33	80	106,70,51	106,70,51	0
01005560	03005560	VeyondArgMale4Monk	Argonian Tribesman	ArgonianRace	M	38	101,56,33	80	106,70,51	106,70,51	0
01005254	03005254	TestBruceSpells	Bruce	BretonRace	M	2	225,161,115	80	205,154,117	205,154,117	0
0100296A	0300296A	MQ16PalaceDremoraKynval	Dremora Kynval	DremoraRace	M	1	59,58,55	80	72,71,69	72,71,69	0
010025FD	030025FD	FGC06DeadMiner2	Miner	RedguardRace	M	1	119,56,30	80	120,70,49	120,70,49	0
010025FA	030025FA	FGC06DeadMiner1	Miner	ImperialRace	M	1	187,117,75	80	175,119,85	175,119,85	0
01001145	03001145	MQ16ImperialArcher02	Imperial Legion Archer	ImperialRace	M	1	187,117,75	80	175,119,85	175,119,85	0
01001144	03001144	MQ16ImperialSoldier02	Imperial Legion Soldier	ImperialRace	M	1	187,117,75	80	175,119,85	175,119,85	0
01000FDF	03000FDF	Dremora6ValkynazMageNOSUMMON	Dremora Valkynaz	DremoraRace	M	1	59,58,55	80	72,71,69	72,71,69	0
01000FDD	03000FDD	Dremora5MarkynazMissileNOSUMMON	Dremora Markynaz	DremoraRace	M	1	59,58,55	80	72,71,69	72,71,69	0
01000FDC	03000FDC	Dremora5MarkynazMeleeNOSUMMON	Dremora Markynaz	DremoraRace	M	1	59,58,55	80	72,71,69	72,71,69	0
01000FDB	03000FDB	Dremora5MarkynazMageNOSUMMON	Dremora Markynaz	DremoraRace	M	1	59,58,55	80	72,71,69	72,71,69	0
01000FDA	03000FDA	Dremora4KynmarcherMissileNOSUMMON	Dremora Kynmarcher	DremoraRace	M	1	59,58,55	80	72,71,69	72,71,69	0
01000FD9	03000FD9	Dremora4KynmarcherMeleeNOSUMMON	Dremora Kynmarcher	DremoraRace	M	1	59,58,55	80	72,71,69	72,71,69	0
01000FD8	03000FD8	Dremora4KynmarcherMageNOSUMMON	Dremora Kynmarcher	DremoraRace	M	1	59,58,55	80	72,71,69	72,71,69	0
01000FD7	03000FD7	Dremora3KynreeveMissileNOSUMMON	Dremora Kynreeve	DremoraRace	M	1	59,58,55	80	72,71,69	72,71,69	0
01000FD6	03000FD6	Dremora3KynreeveMeleeNOSUMMON	Dremora Kynreeve	DremoraRace	M	1	59,58,55	80	72,71,69	72,71,69	0
01000FD5	03000FD5	Dremora3KynreeveMageNOSUMMON	Dremora Kynreeve	DremoraRace	M	1	59,58,55	80	72,71,69	72,71,69	0
01000FD4	03000FD4	Dremora2KynvalMissileNOSUMMON	Dremora Kynval	DremoraRace	M	1	59,58,55	80	72,71,69	72,71,69	0
01000FD3	03000FD3	Dremora2KynvalMeleeNOSUMMON	Dremora Kynval	DremoraRace	M	1	59,58,55	80	72,71,69	72,71,69	0
01000FD1	03000FD1	Dremora2KynvalMageNOSUMMON	Dremora Kynval	DremoraRace	M	1	59,58,55	80	72,71,69	72,71,69	0
01000FD0	03000FD0	Dremora1CaitiffMissileNOSUMMON	Dremora Caitiff	DremoraRace	M	1	59,58,55	80	72,71,69	72,71,69	0
01000FCF	03000FCF	Dremora1CaitiffMeleeNOSUMMON	Dremora Caitiff	DremoraRace	M	1	59,58,55	80	72,71,69	72,71,69	0
01000FCE	03000FCE	Dremora1CaitiffMageNOSUMMON	Dremora Caitiff	DremoraRace	M	1	59,58,55	80	72,71,69	72,71,69	0
01000FCD	03000FCD	Dremora0ChurlMissileNOSUMMON	Dremora Churl	DremoraRace	M	1	59,58,55	80	72,71,69	72,71,69	0
01000FCC	03000FCC	Dremora0ChurlMeleeNOSUMMON	Dremora Churl	DremoraRace	M	1	59,58,55	80	72,71,69	72,71,69	0
01000FCB	03000FCB	Dremora0ChurlMageNOSUMMON	Dremora Churl	DremoraRace	M	1	59,58,55	80	72,71,69	72,71,69	0
01000FC9	03000FC9	Dremora6ValkynazMissileNOSUMMON	Dremora Valkynaz	DremoraRace	M	1	59,58,55	80	72,71,69	72,71,69	0
01000FC8	03000FC8	Dremora6ValkynazMeleeNOSUMMON	Dremora Valkynaz	DremoraRace	M	1	59,58,55	80	72,71,69	72,71,69	0
01014F17	03014F17	TG11ElvenStatue02	Ayleid Guardian	HighElfRace	M	1	213,180,78	80	195,169,87	195,169,87	0
01014F16	03014F16	TG11ElvenStatue01	Ayleid Guardian	HighElfRace	F	24	208,176,73	80	191,166,83	191,166,83	0
01014D61	03014D61	DremoraBossHatredKeeper02	Dremora Hatred Keeper	DremoraRace	M	1	59,58,55	80	72,71,69	72,71,69	0
01014D5F	03014D5F	DremoraBossHatredKeeper01	Dremora Hatred Keeper	DremoraRace	M	1	59,58,55	80	72,71,69	72,71,69	0
01014C59	03014C59	MS48OblivionDremoraPatroller	Dremora Scout	DremoraRace	M	1	59,58,55	80	72,71,69	72,71,69	0
010146CC	030146CC	Dremora6ValkynazMissile3	Dremora Valkynaz	DremoraRace	M	1	59,58,55	80	72,71,69	72,71,69	0
010146CB	030146CB	Dremora6ValkynazMissile2	Dremora Valkynaz	DremoraRace	M	1	59,58,55	80	72,71,69	72,71,69	0
010146C9	030146C9	Dremora6ValkynazMissile1	Dremora Valkynaz	DremoraRace	M	1	59,58,55	80	72,71,69	72,71,69	0
010146C5	030146C5	Dremora5MarkynazMissile3	Dremora Markynaz	DremoraRace	F	24	57,60,60	80	71,73,73	71,73,73	0
010146C1	030146C1	Dremora5MarkynazMissile2	Dremora Markynaz	DremoraRace	M	1	59,58,55	80	72,71,69	72,71,69	0
010146C0	030146C0	Dremora5MarkynazMissile1	Dremora Markynaz	DremoraRace	M	1	59,58,55	80	72,71,69	72,71,69	0
010146BF	030146BF	Dremora4KynmarcherMissile3	Dremora Kynmarcher	DremoraRace	M	1	59,58,55	80	72,71,69	72,71,69	0
010146BE	030146BE	Dremora4KynmarcherMissile2	Dremora Kynmarcher	DremoraRace	M	1	59,58,55	80	72,71,69	72,71,69	0
010146BD	030146BD	Dremora4KynmarcherMissile1	Dremora Kynmarcher	DremoraRace	M	1	59,58,55	80	72,71,69	72,71,69	0
010146BC	030146BC	Dremora3KynreeveMissile3	Dremora Kynreeve	DremoraRace	M	1	59,58,55	80	72,71,69	72,71,69	0
010146B9	030146B9	Dremora3KynreeveMissile2	Dremora Kynreeve	DremoraRace	M	1	59,58,55	80	72,71,69	72,71,69	0
010146B8	030146B8	Dremora3KynreeveMissile1	Dremora Kynreeve	DremoraRace	M	1	59,58,55	80	72,71,69	72,71,69	0
010146B7	030146B7	Dremora2KynvalMissile3	Dremora Kynval	DremoraRace	M	1	59,58,55	80	72,71,69	72,71,69	0
010146B6	030146B6	Dremora2KynvalMissile2	Dremora Kynval	DremoraRace	M	1	59,58,55	80	72,71,69	72,71,69	0
010146B5	030146B5	Dremora2KynvalMissile1	Dremora Kynval	DremoraRace	M	1	59,58,55	80	72,71,69	72,71,69	0
01014698	03014698	Dremora1CaitiffMissile3	Dremora Caitiff	DremoraRace	M	1	59,58,55	80	72,71,69	72,71,69	0
01014697	03014697	Dremora1CaitiffMissile2	Dremora Caitiff	DremoraRace	M	1	59,58,55	80	72,71,69	72,71,69	0
01014696	03014696	Dremora1CaitiffMissile1	Dremora Caitiff	DremoraRace	M	1	59,58,55	80	72,71,69	72,71,69	0
01014694	03014694	Dremora0ChurlMissile3	Dremora Churl	DremoraRace	M	1	59,58,55	80	72,71,69	72,71,69	0
01014693	03014693	Dremora0ChurlMissile2	Dremora Churl	DremoraRace	M	1	59,58,55	80	72,71,69	72,71,69	0
01014692	03014692	Dremora0ChurlMissile1	Dremora Churl	DremoraRace	M	1	59,58,55	80	72,71,69	72,71,69	0
01014686	03014686	KvatchCastleWallDremoraArcherDead	Dremora Archer	DremoraRace	M	1	59,58,55	80	72,71,69	72,71,69	0
0101466D	0301466D	KvatchCastleWallDremoraArcher	Dremora Archer	DremoraRace	M	1	59,58,55	80	72,71,69	72,71,69	0
010CD4D3	030CD4D3	KvatchCastleWallDremoraMage	Dremora Churl	DremoraRace	M	1	59,58,55	80	72,71,69	72,71,69	0
010CD327	030CD327	MS08KurdanThug	Ra'jhera the Keeneye	KhajiitRace	M	1	189,124,58	80	176,124,71	176,124,71	0
010CD302	030CD302	lyndacartertest	Lynda Carter	NordRace	F	24	230,155,134	80	209,149,132	209,149,132	0
010CA190	030CA190	BlackRockPirate02	Black Rock Pirate	DarkElfRace	M	1	89,88,83	80	96,95,91	96,95,91	0
010CA18F	030CA18F	BlackRockPirate01	Black Rock Pirate	DarkElfRace	M	1	89,88,83	80	96,95,91	96,95,91	0
010CA18E	030CA18E	BlackRockPirate04	Black Rock Captain	DarkElfRace	M	1	89,88,83	80	96,95,91	96,95,91	0
010CA18D	030CA18D	BlackRockPirate03	Black Rock Pirate	DarkElfRace	M	1	89,88,83	80	96,95,91	96,95,91	0
010CA005	030CA005	DeadTreasureHunter2	Dead Treasure Hunter	BretonRace	M	2	225,161,115	80	205,154,117	205,154,117	0
010C8C92	030C8C92	SummonDremora5MarkynazMale1	Dremora Markynaz	DremoraRace	M	1	59,58,55	80	72,71,69	72,71,69	0
010C8C6C	030C8C6C	SummonDremora1CaitiffMale1	Dremora Caitiff	DremoraRace	M	1	59,58,55	80	72,71,69	72,71,69	0
010C89E0	030C89E0	MQ16PalaceGuard	Palace Guard	ImperialRace	M	1	187,117,75	80	175,119,85	175,119,85	0
010C8808	030C8808	DeadScholar	Dead Scholar	HighElfRace	M	1	213,180,78	80	195,169,87	195,169,87	0
010C87B5	030C87B5	BrumaGuardCityPostNight04	Bruma Guard	ImperialRace	M	1	187,117,75	80	175,119,85	175,119,85	0
010C87B4	030C87B4	BrumaGuardCityPostDay04	Bruma Guard	ImperialRace	M	1	187,117,75	80	175,119,85	175,119,85	0
010C87B3	030C87B3	BrumaGuardCityPostNight03	Bruma Guard	ImperialRace	M	1	187,117,75	80	175,119,85	175,119,85	0
010C87B2	030C87B2	BrumaGuardCityPostDay03	Bruma Guard	ImperialRace	M	1	187,117,75	80	175,119,85	175,119,85	0
010C80FD	030C80FD	JalbertREF	Jalbert	RedguardRace	M	1	119,56,30	80	120,70,49	120,70,49	0
010C798E	030C798E	TestErikNPC		ImperialRace	M	1	187,117,75	80	175,119,85	175,119,85	0
010C7944	030C7944	Dark07MercenaryTEMPLATE	Mercenary	NordRace	M	1	235,159,140	80	213,152,137	213,152,137	0
010C769E	030C769E	MG08Necromancer2	Necromancer	HighElfRace	M	1	213,180,78	80	195,169,87	195,169,87	0
010C769D	030C769D	MG08Necromancer1	Necromancer	BretonRace	F	16	220,156,109	80	201,150,112	201,150,112	0
010C7619	030C7619	ICPalaceGuardGreenWay02	Palace Guard	ImperialRace	M	1	187,117,75	80	175,119,85	175,119,85	0
010C56E4	030C56E4	AndreLabouche2	Andre Labouche	BretonRace	M	2	225,161,115	80	205,154,117	205,154,117	0
010C55E5	030C55E5	AgnartheUnwavering	Agnar the Unwavering	NordRace	M	1	235,159,140	80	213,152,137	213,152,137	0
010C526C	030C526C	MQ15MythicDawnACave01	Ascended Immortal	RedguardRace	M	1	119,56,30	80	120,70,49	120,70,49	0
010C526B	030C526B	MQ15MythicDawnACave02	Ascended Immortal	BretonRace	F	16	220,156,109	80	201,150,112	201,150,112	0
010C522A	030C522A	BanditHighwayman04	Highwayman	KhajiitRace	M	1	189,124,58	80	176,124,71	176,124,71	0
010C5229	030C5229	BanditHighwayman03	Highwayman	KhajiitRace	M	1	189,124,58	80	176,124,71	176,124,71	0
010C5228	030C5228	BanditHighwayman02	Highwayman	KhajiitRace	M	1	189,124,58	80	176,124,71	176,124,71	0
010C5227	030C5227	BanditHighwayman01	Highwayman	KhajiitRace	M	1	189,124,58	80	176,124,71	176,124,71	0
010C509C	030C509C	NightChild	Night Child	DarkElfRace	M	1	89,88,83	80	96,95,91	96,95,91	0
010C47EC	030C47EC	Maiqtheliar	M'aiq the Liar	KhajiitRace	M	1	189,124,58	80	176,124,71	176,124,71	0
010C45B5	030C45B5	ShadySam	Shady Sam	BretonRace	M	2	225,161,115	80	205,154,117	205,154,117	0
010752F9	030752F9	ICArboretumPostDay04	Imperial Watch	ImperialRace	M	1	187,117,75	80	175,119,85	175,119,85	0
010752F8	030752F8	ICArboretumPostNight04	Imperial Watch	ImperialRace	M	1	187,117,75	80	175,119,85	175,119,85	0
010752F7	030752F7	ICArboretumPostNight03	Imperial Watch	ImperialRace	M	1	187,117,75	80	175,119,85	175,119,85	0
010752F6	030752F6	ICArboretumPostDay03	Imperial Watch	ImperialRace	M	1	187,117,75	80	175,119,85	175,119,85	0
010752F5	030752F5	ICArboretumPostNight02	Imperial Watch	ImperialRace	M	1	187,117,75	80	175,119,85	175,119,85	0
010752F4	030752F4	ICArboretumPostDay02	Imperial Watch	ImperialRace	M	1	187,117,75	80	175,119,85	175,119,85	0
010752F3	030752F3	ICArboretumPostNight01	Imperial Watch	ImperialRace	M	1	187,117,75	80	175,119,85	175,119,85	0
010752F2	030752F2	ICArboretumPostDay01	Imperial Watch	ImperialRace	M	1	187,117,75	80	175,119,85	175,119,85	0
010752F1	030752F1	ICArenaPatrolDay01	Imperial Watch	ImperialRace	M	1	187,117,75	80	175,119,85	175,119,85	0
010752F0	030752F0	ICArenaPostNight02	Imperial Watch	ImperialRace	M	1	187,117,75	80	175,119,85	175,119,85	0
010752EF	030752EF	ICArenaPostNight01	Imperial Watch	ImperialRace	M	1	187,117,75	80	175,119,85	175,119,85	0
010752EE	030752EE	ICArenaPostDay01	Imperial Watch	ImperialRace	M	1	187,117,75	80	175,119,85	175,119,85	0
010BE341	030BE341	Courier4	Courier	BretonRace	F	16	220,156,109	80	201,150,112	201,150,112	0
010BE340	030BE340	Courier3	Courier	BretonRace	F	16	220,156,109	80	201,150,112	201,150,112	0
010BE33D	030BE33D	Courier2	Courier	BretonRace	F	16	220,156,109	80	201,150,112	201,150,112	0
010BE330	030BE330	Courier1	Courier	BretonRace	F	16	220,156,109	80	201,150,112	201,150,112	0
01074A94	03074A94	EduardHodge	Eduard Hodge	ImperialRace	M	1	187,117,75	80	175,119,85	175,119,85	0
01073A42	03073A42	DASkullWoodElfFemale	Corrupted Clone	WoodElfRace	F	24	194,131,97	80	180,130,103	180,130,103	0
01073A41	03073A41	DASkullRedguardFemale	Corrupted Clone	RedguardRace	F	23	114,52,24	80	116,67,44	116,67,44	0
01073A40	03073A40	DASkullOrcFemale	Corrupted Clone	OrcRace	F	13	100,108,44	80	105,111,60	105,111,60	0
01073A3F	03073A3F	DASkullNordFemale	Corrupted Clone	NordRace	F	24	230,155,134	80	209,149,132	209,149,132	0
01073A3E	03073A3E	DASkullImperialFemale	Corrupted Clone	ImperialRace	F	13	182,112,70	80	171,115,81	171,115,81	0
01073A3D	03073A3D	DASkullHighElfFemale	Corrupted Clone	HighElfRace	F	24	208,176,73	80	191,166,83	191,166,83	0
01073A3C	03073A3C	DASkullDarkElfFemale	Corrupted Clone	DarkElfRace	F	24	84,84,78	80	92,92,87	92,92,87	0
01073A3B	03073A3B	DASkullBretonFemale	Corrupted Clone	BretonRace	F	16	220,156,109	80	201,150,112	201,150,112	0
01073A3A	03073A3A	DASkullWoodElfMale	Corrupted Clone	WoodElfRace	M	1	199,135,102	80	184,133,107	184,133,107	0
01073A39	03073A39	DASkullRedguardMale	Corrupted Clone	RedguardRace	M	1	119,56,30	80	120,70,49	120,70,49	0
01073A38	03073A38	DASkullOrcMale	Corrupted Clone	OrcRace	M	1	103,111,45	80	107,114,61	107,114,61	0
01073A37	03073A37	DASkullNordMale	Corrupted Clone	NordRace	M	1	235,159,140	80	213,152,137	213,152,137	0
01073A36	03073A36	DASkullImperialMale	Corrupted Clone	ImperialRace	M	1	187,117,75	80	175,119,85	175,119,85	0
01073A35	03073A35	DASkullHighElfMale	Corrupted Clone	HighElfRace	M	1	213,180,78	80	195,169,87	195,169,87	0
01073A34	03073A34	DASkullDarkElfMale	Corrupted Clone	DarkElfRace	M	1	89,88,83	80	96,95,91	96,95,91	0
01073A33	03073A33	DASkullBretonMale	Corrupted Clone	BretonRace	M	2	225,161,115	80	205,154,117	205,154,117	0
01073A32	03073A32	DASkullKhajiitFemale	Corrupted Clone	KhajiitRace	F	4	184,131,76	80	172,130,86	172,130,86	0
01073A31	03073A31	DASkullKhajiitMale	Corrupted Clone	KhajiitRace	M	1	189,124,58	80	176,124,71	176,124,71	0
01073A30	03073A30	DASkullArgonianFemale	Corrupted Clone	ArgonianRace	F	16	81,64,40	80	90,76,57	90,76,57	0
01073A2F	03073A2F	DASkullArgonianMale	Corrupted Clone	ArgonianRace	M	38	101,56,33	80	106,70,51	106,70,51	0
010738DE	030738DE	ClarabellaPirate3	Pirate	ArgonianRace	M	38	101,56,33	80	106,70,51	106,70,51	0
010738DD	030738DD	ClarabellaPirate2	Pirate	OrcRace	M	1	103,111,45	80	107,114,61	107,114,61	0
010738DC	030738DC	ClarabellaPirate1	Pirate	WoodElfRace	F	24	194,131,97	80	180,130,103	180,130,103	0
010738DB	030738DB	FirstMateFilch	First Mate Filch	BretonRace	M	2	225,161,115	80	205,154,117	205,154,117	0
010AED40	030AED40	ArenaFan1	Adoring Fan	WoodElfRace	M	1	199,135,102	80	184,133,107	184,133,107	0
010ACE73	030ACE73	SisterPhebeJeanard	Sister Phebe Jeanard	BretonRace	F	16	220,156,109	80	201,150,112	201,150,112	0
010ACE6D	030ACE6D	SisterAngrond	Sister Angrond	WoodElfRace	F	24	194,131,97	80	180,130,103	180,130,103	0
010A713C	030A713C	ArenaHopeful2	Saliith	ArgonianRace	M	38	101,56,33	80	106,70,51	106,70,51	0
010A713B	030A713B	ArenaHopeful1	Branwen	RedguardRace	F	23	114,52,24	80	116,67,44	116,67,44	0
010A348F	030A348F	BanditRobberTEMPLATE	Highwayman	KhajiitRace	M	1	189,124,58	80	176,124,71	176,124,71	0
010A3167	030A3167	Blade6	Baragon	BretonRace	M	2	225,161,115	80	205,154,117	205,154,117	0
010A3166	030A3166	Blade5	Achille	BretonRace	M	2	225,161,115	80	205,154,117	205,154,117	0
010A3165	030A3165	Blade4	Ferrum	BretonRace	M	2	225,161,115	80	205,154,117	205,154,117	0
010A3164	030A3164	Blade1	Pelagius	ImperialRace	M	1	187,117,75	80	175,119,85	175,119,85	0
010A3163	030A3163	Blade3	Arcturus	ImperialRace	M	1	187,117,75	80	175,119,85	175,119,85	0
010A3162	030A3162	Blade2	Fortis	ImperialRace	M	1	187,117,75	80	175,119,85	175,119,85	0
010947BB	030947BB	CylbenDolovas	Cylben Dolovas	DarkElfRace	M	1	89,88,83	80	96,95,91	96,95,91	0
010947AF	030947AF	FGGuardPorterSkingrad	Fighters Guild Porter	BretonRace	M	2	225,161,115	80	205,154,117	205,154,117	0
010947AE	030947AE	FGGuardPorterLeyawiin	Fighters Guild Porter	BretonRace	M	2	225,161,115	80	205,154,117	205,154,117	0
010947AD	030947AD	FGGuardPorterCheydinhal	Fighters Guild Porter	BretonRace	M	2	225,161,115	80	205,154,117	205,154,117	0
010947AC	030947AC	FGGuardPorterBruma	Fighters Guild Porter	BretonRace	M	2	225,161,115	80	205,154,117	205,154,117	0
010947AB	030947AB	FGGuardPorterBravil	Fighters Guild Porter	BretonRace	M	2	225,161,115	80	205,154,117	205,154,117	0
010947AA	030947AA	FGGuardPorterAnvil	Fighters Guild Porter	BretonRace	M	2	225,161,115	80	205,154,117	205,154,117	0
010947A9	030947A9	FGGuardPorterChorrol	Fighters Guild Porter	ImperialRace	M	1	187,117,75	80	175,119,85	175,119,85	0
01094048	03094048	BanditCampTEMPLATE	Bandit	KhajiitRace	M	1	189,124,58	80	176,124,71	176,124,71	0
0108FD03	0308FD03	MS13CheydinhalGuardC	Cheydinhal Gate Guard	ImperialRace	M	1	187,117,75	80	175,119,85	175,119,85	0
0108FD01	0308FD01	MS13CheydinhalGuardA	Cheydinhal Gate Guard	ImperialRace	M	1	187,117,75	80	175,119,85	175,119,85	0
01088D2A	03088D2A	ChorrolGuardPrivateQuarters03	Chorrol Guard	ImperialRace	M	1	187,117,75	80	175,119,85	175,119,85	0
01088D29	03088D29	ChorrolGuardPrivateQuarters02	Chorrol Guard	ImperialRace	M	1	187,117,75	80	175,119,85	175,119,85	0
01088D28	03088D28	ChorrolGuardPrivateQuarters01	Chorrol Guard	ImperialRace	M	1	187,117,75	80	175,119,85	175,119,85	0
01082DE5	03082DE5	TestClothes	Arena Contestant	BretonRace	M	2	225,161,115	80	205,154,117	205,154,117	0
0107BA80	0307BA80	Dark07MercenaryMale2	Mercenary	NordRace	M	1	235,159,140	80	213,152,137	213,152,137	0
0107BA7F	0307BA7F	Dark07MercenaryFemale4	Mercenary	OrcRace	F	13	100,108,44	80	105,111,60	105,111,60	0
0107BA7E	0307BA7E	Dark07MercenaryMale6	Mercenary	NordRace	M	1	235,159,140	80	213,152,137	213,152,137	0
0107BA7D	0307BA7D	Dark07MercenaryFemale8	Mercenary	OrcRace	F	13	100,108,44	80	105,111,60	105,111,60	0
0107BA7C	0307BA7C	Dark07MercenaryMale10	Mercenary	NordRace	M	1	235,159,140	80	213,152,137	213,152,137	0
010785E1	030785E1	TestDead	Kill Me	BretonRace	M	2	225,161,115	80	205,154,117	205,154,117	0
010732D3	030732D3	MS49LegionSoldier2	Imperial Legion Soldier	ImperialRace	M	1	187,117,75	80	175,119,85	175,119,85	0
010732D1	030732D1	MS49LegionArcher	Imperial Legion Archer	ImperialRace	M	1	187,117,75	80	175,119,85	175,119,85	0
01073296	03073296	MS49LegionSoldier	Imperial Legion Soldier	ImperialRace	M	1	187,117,75	80	175,119,85	175,119,85	0
01073279	03073279	Caenlin	Caenlin	WoodElfRace	M	1	199,135,102	80	184,133,107	184,133,107	0
010730BD	030730BD	MS13FallenKnightH	Fallen Knight of the Thorn	NordRace	M	1	235,159,140	80	213,152,137	213,152,137	0
01071F37	03071F37	ICTalosGuardClaudiusHouse	Imperial Watch	ImperialRace	M	1	187,117,75	80	175,119,85	175,119,85	0
01071D4B	03071D4B	ClaudiusArcadia	Claudius Arcadia	ImperialRace	M	1	187,117,75	80	175,119,85	175,119,85	0
01071B94	03071B94	MS13FallenKnightG	Fallen Knight of the Thorn	BretonRace	M	2	225,161,115	80	205,154,117	205,154,117	0
01071B92	03071B92	MS13FallenKnightF	Fallen Knight of the Thorn	BretonRace	M	2	225,161,115	80	205,154,117	205,154,117	0
01071B91	03071B91	MS13FallenKnightE	Fallen Knight of the Thorn	DarkElfRace	M	1	89,88,83	80	96,95,91	96,95,91	0
01071717	03071717	DeadBanditMale01	Dead Bandit	ArgonianRace	M	38	101,56,33	80	106,70,51	106,70,51	0
01071716	03071716	DeadBanditMale02	Dead Bandit	WoodElfRace	M	1	199,135,102	80	184,133,107	184,133,107	0
010700CD	030700CD	ImperialLegionRiderRock	Imperial Legion Soldier	ImperialRace	M	1	187,117,75	80	175,119,85	175,119,85	0
010700CC	030700CC	ImperialLegionRiderVirtue	Imperial Legion Soldier	ImperialRace	M	1	187,117,75	80	175,119,85	175,119,85	0
010700CB	030700CB	ImperialLegionRiderNikel	Imperial Legion Soldier	ImperialRace	M	1	187,117,75	80	175,119,85	175,119,85	0
010700CA	030700CA	ImperialLegionRiderAleswell	Imperial Legion Soldier	ImperialRace	M	1	187,117,75	80	175,119,85	175,119,85	0
010700C9	030700C9	ImperialLegionRiderWellspring	Imperial Legion Soldier	ImperialRace	M	1	187,117,75	80	175,119,85	175,119,85	0
010700C8	030700C8	ImperialLegionRiderRoxey	Imperial Legion Soldier	ImperialRace	M	1	187,117,75	80	175,119,85	175,119,85	0
010700C7	030700C7	ImperialLegionRiderSardavar	Imperial Legion Soldier	ImperialRace	M	1	187,117,75	80	175,119,85	175,119,85	0
010700C6	030700C6	ImperialLegionRiderWell	Imperial Legion Soldier	ImperialRace	M	1	187,117,75	80	175,119,85	175,119,85	0
010700C5	030700C5	ImperialLegionRiderFalls	Imperial Legion Soldier	ImperialRace	M	1	187,117,75	80	175,119,85	175,119,85	0
010700C4	030700C4	ImperialLegionRiderSlope	Imperial Legion Soldier	ImperialRace	M	1	187,117,75	80	175,119,85	175,119,85	0
010700C3	030700C3	ImperialLegionRiderRidge	Imperial Legion Soldier	ImperialRace	M	1	187,117,75	80	175,119,85	175,119,85	0
010700C2	030700C2	ImperialLegionRiderCrossroads	Imperial Legion Soldier	ImperialRace	M	1	187,117,75	80	175,119,85	175,119,85	0
010700C1	030700C1	ImperialLegionRiderGottshaw	Imperial Legion Soldier	ImperialRace	M	1	187,117,75	80	175,119,85	175,119,85	0
010700C0	030700C0	ImperialLegionRiderAnvil	Imperial Legion Soldier	ImperialRace	M	1	187,117,75	80	175,119,85	175,119,85	0
0106FDB6	0306FDB6	EmilChorrolGuardTest	Chorrol Guard	ImperialRace	M	1	187,117,75	80	175,119,85	175,119,85	0
0106FDB4	0306FDB4	EmilLeyawiinGuardTest	Leyawiin City Watch	ImperialRace	M	1	187,117,75	80	175,119,85	175,119,85	0
0106E7EF	0306E7EF	LorgrenBenirusNPC	Lorgren Benirus	ImperialRace	M	1	187,117,75	80	175,119,85	175,119,85	0
0106E632	0306E632	ICPalaceGuardCryptPost	Palace Guard	ImperialRace	M	1	187,117,75	80	175,119,85	175,119,85	0
0106E629	0306E629	ICPalaceGuardCryptPatrol	Palace Guard	ImperialRace	M	1	187,117,75	80	175,119,85	175,119,85	0
0106C35D	0306C35D	VilverinBanditFurnitureKhajiit	Bandit	KhajiitRace	F	4	184,131,76	80	172,130,86	172,130,86	0
0106C35A	0306C35A	VilverinBanditBoss	Bandit Ringleader	RedguardRace	M	1	119,56,30	80	120,70,49	120,70,49	0
0106C357	0306C357	VilverinBanditSittingNPC	Bandit	DarkElfRace	F	24	84,84,78	80	92,92,87	92,92,87	0
0106C355	0306C355	VilverinBanditAmbushNPC	Bandit	RedguardRace	M	1	119,56,30	80	120,70,49	120,70,49	0
0106BFA4	0306BFA4	DeadKhajiitBandit	Dead Bandit	KhajiitRace	F	4	184,131,76	80	172,130,86	172,130,86	0
0106BD2D	0306BD2D	FGD06DeadGuy06	Lashana	RedguardRace	F	23	114,52,24	80	116,67,44	116,67,44	0
0106BD2B	0306BD2B	FGD06DeadGuy05	Ariente	HighElfRace	F	24	208,176,73	80	191,166,83	191,166,83	0
0106BD29	0306BD29	FGD06DeadGuy04	Mattius Wotrus	ImperialRace	M	1	187,117,75	80	175,119,85	175,119,85	0
0106B592	0306B592	ImperialLegionForester4	Imperial Legion Forester	ImperialRace	M	1	187,117,75	80	175,119,85	175,119,85	0
0106B32B	0306B32B	SnakgraBura	Snak gra-Bura	OrcRace	F	13	100,108,44	80	105,111,60	105,111,60	0
0106AAB2	0306AAB2	MGMageScholar6	Mage Scholar	HighElfRace	M	1	213,180,78	80	195,169,87	195,169,87	0
0106AAB1	0306AAB1	MGMageScholar5	Mage Scholar	DarkElfRace	M	1	89,88,83	80	96,95,91	96,95,91	0
0106AAB0	0306AAB0	MGMageScholar4	Mage Scholar	NordRace	F	24	230,155,134	80	209,149,132	209,149,132	0
0106AAAF	0306AAAF	MGMageApprentice10	Mage Apprentice	ImperialRace	M	1	187,117,75	80	175,119,85	175,119,85	0
0106AAAE	0306AAAE	MGMageApprentice9	Mage Apprentice	ImperialRace	M	1	187,117,75	80	175,119,85	175,119,85	0
0106AAAD	0306AAAD	MGMageApprentice8	Mage Apprentice	BretonRace	F	16	220,156,109	80	201,150,112	201,150,112	0
0106AAAC	0306AAAC	MGMageApprentice7	Mage Apprentice	ImperialRace	M	1	187,117,75	80	175,119,85	175,119,85	0
0106AAAB	0306AAAB	MGMageApprentice6	Mage Apprentice	ImperialRace	M	1	187,117,75	80	175,119,85	175,119,85	0
0106AAAA	0306AAAA	MGMageApprentice5	Mage Apprentice	ImperialRace	M	1	187,117,75	80	175,119,85	175,119,85	0
0106AAA9	0306AAA9	MGMageApprentice4	Mage Apprentice	BretonRace	F	16	220,156,109	80	201,150,112	201,150,112	0
0106A833	0306A833	MGMageApprentice	Mage Apprentice	BretonRace	F	16	220,156,109	80	201,150,112	201,150,112	0
0106A832	0306A832	MGMageApprentice3	Mage Apprentice	ImperialRace	M	1	187,117,75	80	175,119,85	175,119,85	0
0106A831	0306A831	MGMageApprentice2	Mage Apprentice	ImperialRace	M	1	187,117,75	80	175,119,85	175,119,85	0
0106A830	0306A830	MGMageScholar3	Mage Scholar	NordRace	F	24	230,155,134	80	209,149,132	209,149,132	0
0106A82F	0306A82F	MGMageScholar2	Mage Scholar	DarkElfRace	M	1	89,88,83	80	96,95,91	96,95,91	0
0106A82E	0306A82E	MGMageScholar	Mage Scholar	HighElfRace	M	1	213,180,78	80	195,169,87	195,169,87	0
01069B07	03069B07	VampireWitchhunter4	Vampire Witchhunter	HighElfRace	F	24	208,176,73	80	191,166,83	191,166,83	0
01069B06	03069B06	VampireWitchhunter3	Vampire Witchhunter	HighElfRace	M	1	213,180,78	80	195,169,87	195,169,87	0
01069B05	03069B05	VampireWarrior4	Vampire Warrior	OrcRace	M	1	103,111,45	80	107,114,61	107,114,61	0
01069B04	03069B04	VampireWarrior3	Vampire Warrior	OrcRace	F	13	100,108,44	80	105,111,60	105,111,60	0
01069B03	03069B03	VampireThief4	Vampire Thief	WoodElfRace	F	24	194,131,97	80	180,130,103	180,130,103	0
01069B02	03069B02	VampireThief3	Vampire Thief	WoodElfRace	M	1	199,135,102	80	184,133,107	184,133,107	0
01069B01	03069B01	VampireSpellsword4	Vampire Spellsword	BretonRace	M	2	225,161,115	80	205,154,117	205,154,117	0
01069B00	03069B00	VampireSpellsword3	Vampire Spellsword	BretonRace	F	16	220,156,109	80	201,150,112	201,150,112	0
01069AFF	03069AFF	VampireSorcerer4	Vampire Sorcerer	HighElfRace	M	1	213,180,78	80	195,169,87	195,169,87	0
01069AFE	03069AFE	VampireSorcerer3	Vampire Sorcerer	HighElfRace	F	24	208,176,73	80	191,166,83	191,166,83	0
01069AFD	03069AFD	VampireScout4	Vampire Scout	RedguardRace	M	1	119,56,30	80	120,70,49	120,70,49	0
01069AFC	03069AFC	VampireScout3	Vampire Scout	RedguardRace	F	23	114,52,24	80	116,67,44	116,67,44	0
01069AFB	03069AFB	VampireRogue4	Vampire Rogue	RedguardRace	M	1	119,56,30	80	120,70,49	120,70,49	0
01069AFA	03069AFA	VampireRogue3	Vampire Rogue	RedguardRace	F	23	114,52,24	80	116,67,44	116,67,44	0
01069AF9	03069AF9	VampirePilgrim4	Vampire Pilgrim	DarkElfRace	F	24	84,84,78	80	92,92,87	92,92,87	0
01069AF8	03069AF8	VampirePilgrim3	Vampire Pilgrim	DarkElfRace	M	1	89,88,83	80	96,95,91	96,95,91	0
01069AF7	03069AF7	VampireNightblade4	Vampire Nightblade	DarkElfRace	F	24	84,84,78	80	92,92,87	92,92,87	0
01069AF6	03069AF6	VampireNightblade3	Vampire Nightblade	DarkElfRace	M	1	89,88,83	80	96,95,91	96,95,91	0
01069AF5	03069AF5	VampireMonk4	Vampire Monk	ImperialRace	F	13	182,112,70	80	171,115,81	171,115,81	0
01069AF4	03069AF4	VampireMonk3	Vampire Monk	ImperialRace	M	1	187,117,75	80	175,119,85	175,119,85	0
01069AF3	03069AF3	VampireMage4	Vampire Mage	BretonRace	M	2	225,161,115	80	205,154,117	205,154,117	0
01069AF2	03069AF2	VampireMage3	Vampire Mage	BretonRace	F	16	220,156,109	80	201,150,112	201,150,112	0
01069AF1	03069AF1	VampireKnight4	Vampire Knight	NordRace	M	1	235,159,140	80	213,152,137	213,152,137	0
01069AF0	03069AF0	VampireKnight3	Vampire Knight	NordRace	F	24	230,155,134	80	209,149,132	209,149,132	0
01069AEF	03069AEF	VampireHealer4	Vampire Sorcerer	ImperialRace	F	13	182,112,70	80	171,115,81	171,115,81	0
01069AEE	03069AEE	VampireHealer3	Vampire Sorcerer	ImperialRace	M	1	187,117,75	80	175,119,85	175,119,85	0
01069AED	03069AED	VampireCrusader4	Vampire Crusader	OrcRace	M	1	103,111,45	80	107,114,61	107,114,61	0
01069AEC	03069AEC	VampireCrusader3	Vampire Crusader	OrcRace	F	13	100,108,44	80	105,111,60	105,111,60	0
01069AEB	03069AEB	VampireBattlemage4	Vampire Battlemage	DarkElfRace	M	1	89,88,83	80	96,95,91	96,95,91	0
01069AEA	03069AEA	VampireBattlemage3	Vampire Battlemage	DarkElfRace	F	24	84,84,78	80	92,92,87	92,92,87	0
01069AE9	03069AE9	VampireBard4	Vampire Bard	NordRace	F	24	230,155,134	80	209,149,132	209,149,132	0
01069AE8	03069AE8	VampireBard3	Vampire Bard	NordRace	M	1	235,159,140	80	213,152,137	213,152,137	0
01069AE7	03069AE7	VampireBarbarian4	Vampire Barbarian	NordRace	M	1	235,159,140	80	213,152,137	213,152,137	0
01069AE6	03069AE6	VampireBarbarian3	Vampire Barbarian	NordRace	F	24	230,155,134	80	209,149,132	209,149,132	0
01069AE5	03069AE5	VampireAssassin4	Vampire Assassin	DarkElfRace	F	24	84,84,78	80	92,92,87	92,92,87	0
01069AE4	03069AE4	VampireAssassin3	Vampire Assassin	DarkElfRace	M	1	89,88,83	80	96,95,91	96,95,91	0
01069AE3	03069AE3	VampireArcher4	Vampire Archer	WoodElfRace	M	1	199,135,102	80	184,133,107	184,133,107	0
01069AE2	03069AE2	VampireArcher3	Vampire Archer	WoodElfRace	F	24	194,131,97	80	180,130,103	180,130,103	0
01069AE1	03069AE1	VampireAgent4	Vampire Agent	BretonRace	F	16	220,156,109	80	201,150,112	201,150,112	0
01069AE0	03069AE0	VampireAgent3	Vampire Agent	BretonRace	M	2	225,161,115	80	205,154,117	205,154,117	0
01069ADF	03069ADF	VampireAcrobat4	Vampire Acrobat	WoodElfRace	F	24	194,131,97	80	180,130,103	180,130,103	0
01069ADE	03069ADE	VampireAcrobat3	Vampire Acrobat	WoodElfRace	M	1	199,135,102	80	184,133,107	184,133,107	0
01069ADD	03069ADD	NecromancerMaleHighElf4	Necromancer	HighElfRace	M	1	213,180,78	80	195,169,87	195,169,87	0
01069ADC	03069ADC	NecromancerFemaleBreton3	Necromancer	BretonRace	F	16	220,156,109	80	201,150,112	201,150,112	0
01069ADB	03069ADB	ConjurerFemaleBreton4	Conjurer	BretonRace	F	16	220,156,109	80	201,150,112	201,150,112	0
01069ADA	03069ADA	ConjurerMaleBreton4	Conjurer	BretonRace	M	2	225,161,115	80	205,154,117	205,154,117	0
01069AD9	03069AD9	MarauderMissileMale4B	Marauder Archer	ImperialRace	M	1	187,117,75	80	175,119,85	175,119,85	0
01069AD8	03069AD8	MarauderMeleeMale4B	Marauder	NordRace	M	1	235,159,140	80	213,152,137	213,152,137	0
01069AD7	03069AD7	MarauderMeleeFemale4B	Marauder	OrcRace	F	13	100,108,44	80	105,111,60	105,111,60	0
01069AD6	03069AD6	MarauderMageFemale4B	Marauder Battlemage	HighElfRace	F	24	208,176,73	80	191,166,83	191,166,83	0
01069AD5	03069AD5	BanditMeleeFemale4B	Bandit	RedguardRace	F	23	114,52,24	80	116,67,44	116,67,44	0
01069AD4	03069AD4	BanditWizardMale4B	Bandit Hedge Wizard	BretonRace	M	2	225,161,115	80	205,154,117	205,154,117	0
01069AD3	03069AD3	BanditMissileMale4B	Bandit Bowman	DarkElfRace	M	1	89,88,83	80	96,95,91	96,95,91	0
01069AD2	03069AD2	BanditMissileFemale4B	Bandit Bowman	WoodElfRace	F	24	194,131,97	80	180,130,103	180,130,103	0
01069AD1	03069AD1	BanditMeleeMale4B	Bandit	RedguardRace	M	1	119,56,30	80	120,70,49	120,70,49	0
0106845A	0306845A	BrielusGawey	Brielus Gawey	ImperialRace	M	1	187,117,75	80	175,119,85	175,119,85	0
01068459	03068459	RestitaStatlilia	Restita Statlilia	ImperialRace	F	13	182,112,70	80	171,115,81	171,115,81	0
01067BB2	03067BB2	DeadTreasureHunter	Dead Treasure Hunter	DarkElfRace	M	1	89,88,83	80	96,95,91	96,95,91	0
01067418	03067418	AntusFlonius	Antus Flonius	ImperialRace	M	1	187,117,75	80	175,119,85	175,119,85	0
01067417	03067417	Skasha	S'kasha	KhajiitRace	F	4	184,131,76	80	172,130,86	172,130,86	0
010666FF	030666FF	TG11PalaceGuard00	Palace Guard	ImperialRace	M	1	187,117,75	80	175,119,85	175,119,85	0
010666EC	030666EC	TG11PalaceGuard04	Palace Guard	ImperialRace	M	1	187,117,75	80	175,119,85	175,119,85	0
010666EB	030666EB	TG11PalaceGuard03	Palace Guard	ImperialRace	M	1	187,117,75	80	175,119,85	175,119,85	0
010666E9	030666E9	TG11PalaceGuard02	Palace Guard	ImperialRace	M	1	187,117,75	80	175,119,85	175,119,85	0
010666E7	030666E7	TG11PalaceGuard01	Palace Guard	ImperialRace	M	1	187,117,75	80	175,119,85	175,119,85	0
0106653F	0306653F	TG11PalaceGuard05	Palace Guard	ImperialRace	M	1	187,117,75	80	175,119,85	175,119,85	0
0106653D	0306653D	TG11PalaceGuard06	Palace Guard	ImperialRace	M	1	187,117,75	80	175,119,85	175,119,85	0
01065E39	03065E39	DeadMarauderMeleeMale02	Dead Marauder	OrcRace	M	1	103,111,45	80	107,114,61	107,114,61	0
01065643	03065643	DeadMarauderMeleeMale01	Dead Marauder	NordRace	M	1	235,159,140	80	213,152,137	213,152,137	0
010651A7	030651A7	DeadCaptive02	Dead Captive	BretonRace	M	2	225,161,115	80	205,154,117	205,154,117	0
01064DA8	03064DA8	TESTRedguard	Kurz gro-Baroth	RedguardRace	M	1	119,56,30	80	120,70,49	120,70,49	0
01064DA7	03064DA7	TESTNord	Kurz gro-Baroth	NordRace	M	1	235,159,140	80	213,152,137	213,152,137	0
01064DA6	03064DA6	TESTKhajiit	Hlaro Dren	KhajiitRace	M	1	189,124,58	80	176,124,71	176,124,71	0
01064DA5	03064DA5	TESTImperial	Hlaro Dren	ImperialRace	M	1	187,117,75	80	175,119,85	175,119,85	0
01064DA4	03064DA4	TESTBreton	Hlaro Dren	BretonRace	M	2	225,161,115	80	205,154,117	205,154,117	0
01064C1D	03064C1D	DeadCaptive	Dead Captive	OrcRace	M	1	103,111,45	80	107,114,61	107,114,61	0
0106421B	0306421B	TestHair	TestHair	NordRace	M	1	235,159,140	80	213,152,137	213,152,137	0
01062B9E	03062B9E	TestArgonianMale	TestArgonian	ArgonianRace	M	38	101,56,33	80	106,70,51	106,70,51	0
01061444	03061444	ImperialLegionForester3	Imperial Legion Forester	ImperialRace	M	1	187,117,75	80	175,119,85	175,119,85	0
010613B8	030613B8	Torbern	Torbern	NordRace	M	1	235,159,140	80	213,152,137	213,152,137	0
01058AF5	03058AF5	ImperialLegionSoldierInnWawnet	Imperial Legion Soldier	ImperialRace	M	1	187,117,75	80	175,119,85	175,119,85	0
01058A8C	03058A8C	ImperialLegionSoldierInnGottshaw	Imperial Legion Soldier	ImperialRace	M	1	187,117,75	80	175,119,85	175,119,85	0
0118D7D8	0318D7D8	ImperialLegionSoldierInnDrunkDrag	Imperial Legion Soldier	ImperialRace	M	1	187,117,75	80	175,119,85	175,119,85	0
0118D4CF	0318D4CF	ImperialLegionSoldierOBGATE	Imperial Legion Soldier	ImperialRace	M	1	187,117,75	80	175,119,85	175,119,85	0
0118D2B4	0318D2B4	AlixLencolia	Alix Lencolia	BretonRace	M	2	225,161,115	80	205,154,117	205,154,117	0
0118D1F4	0318D1F4	ICPrisonJailorNight	Imperial Jailor	ImperialRace	M	1	187,117,75	80	175,119,85	175,119,85	0
0118D1F2	0318D1F2	ICPrisonJailorDay	Imperial Jailor	ImperialRace	M	1	187,117,75	80	175,119,85	175,119,85	0
0118BA89	0318BA89	ImperialLegionRiderLey	Imperial Legion Soldier	ImperialRace	M	1	187,117,75	80	175,119,85	175,119,85	0
0118BA88	0318BA88	ImperialLegionRiderChey	Imperial Legion Soldier	ImperialRace	M	1	187,117,75	80	175,119,85	175,119,85	0
0118BA87	0318BA87	ImperialLegionSoldierInnRoxey	Imperial Legion Soldier	ImperialRace	M	1	187,117,75	80	175,119,85	175,119,85	0
0118BA86	0318BA86	ImperialLegionRiderChorrol	Imperial Legion Soldier	ImperialRace	M	1	187,117,75	80	175,119,85	175,119,85	0
0118BA85	0318BA85	ImperialLegionSoldierInnImpBridge	Imperial Legion Soldier	ImperialRace	M	1	187,117,75	80	175,119,85	175,119,85	0
0118BA84	0318BA84	ImperialLegionForester2	Imperial Legion Forester	ImperialRace	M	1	187,117,75	80	175,119,85	175,119,85	0
0118B11A	0318B11A	ImperialLegionForester	Imperial Legion Forester	ImperialRace	M	1	187,117,75	80	175,119,85	175,119,85	0
0118B118	0318B118	ImperialLegionSoldier	Imperial Legion Soldier	ImperialRace	M	1	187,117,75	80	175,119,85	175,119,85	0
0118AFD9	0318AFD9	ThorleyAethelred	Thorley Aethelred	BretonRace	M	2	225,161,115	80	205,154,117	205,154,117	0
0118AD8C	0318AD8C	LeyawiinGuardDEAD	Leyawiin City Watch	ImperialRace	M	1	187,117,75	80	175,119,85	175,119,85	0
0118AD70	0318AD70	LenkaValus	Lenka Valus	ImperialRace	F	13	182,112,70	80	171,115,81	171,115,81	0
0118AD6B	0318AD6B	GuilbertSelone	Guilbert Selone	BretonRace	M	2	225,161,115	80	205,154,117	205,154,117	0
0118ABFF	0318ABFF	AdventurerOrcWarrior04	Adventurer	OrcRace	M	1	103,111,45	80	107,114,61	107,114,61	0
0118ABFE	0318ABFE	AdventurerOrcWarrior03	Adventurer	OrcRace	M	1	103,111,45	80	107,114,61	107,114,61	0
0118ABFD	0318ABFD	AdventurerOrcWarrior02	Adventurer	OrcRace	M	1	103,111,45	80	107,114,61	107,114,61	0
0118ABFC	0318ABFC	AdventurerOrcBattlemage01	Adventurer	OrcRace	M	1	103,111,45	80	107,114,61	107,114,61	0
0118ABFB	0318ABFB	AdventurerOrcSpellsword01	Adventurer	OrcRace	M	1	103,111,45	80	107,114,61	107,114,61	0
01189D01	03189D01	CorrickNorthwode	Corrick Northwode	BretonRace	M	2	225,161,115	80	205,154,117	205,154,117	0
01185FE5	03185FE5	MaevatheBuxom	Maeva the Buxom	NordRace	F	24	230,155,134	80	209,149,132	209,149,132	0
01185FE3	03185FE3	BjalfitheContemptible	Bjalfi the Contemptible	NordRace	M	1	235,159,140	80	213,152,137	213,152,137	0
01185FE0	03185FE0	AelwinMerowald	Aelwin Merowald	BretonRace	M	2	225,161,115	80	205,154,117	205,154,117	0
01185DC9	03185DC9	SlytheSeringi	Slythe Seringi	DarkElfRace	M	1	89,88,83	80	96,95,91	96,95,91	0
01185378	03185378	RaelynntheGravefinder	Raelynn the Gravefinder	BretonRace	F	16	220,156,109	80	201,150,112	201,150,112	0
01185374	03185374	Lithnilian	Lithnilian	HighElfRace	M	1	213,180,78	80	195,169,87	195,169,87	0
01181D1E	03181D1E	TG11PalaceGuardTopFloor	Palace Guard	ImperialRace	M	1	187,117,75	80	175,119,85	175,119,85	0
01181C68	03181C68	LerexusCallidus	Lerexus Callidus	ImperialRace	M	1	187,117,75	80	175,119,85	175,119,85	0
01181C64	03181C64	KyliusLonavo	Kylius Lonavo	DarkElfRace	M	1	89,88,83	80	96,95,91	96,95,91	0
0117CCFF	0317CCFF	DEADMythicDawnGuardRandomMale	Mythic Dawn Guard	ImperialRace	M	1	187,117,75	80	175,119,85	175,119,85	0
0117C465	0317C465	TG11MothPriestPrivateWanderer	Blind Moth Priest	ImperialRace	F	13	182,112,70	80	171,115,81	171,115,81	0
0117C464	0317C464	TG11MothPriestDoorGuard01	Blind Moth Priest	ImperialRace	M	1	187,117,75	80	175,119,85	175,119,85	0
0117C457	0317C457	MythicDawnMeleeMale1	Mythic Dawn Agent	DarkElfRace	M	1	89,88,83	80	96,95,91	96,95,91	0
01177A2B	03177A2B	Sjirra	S'jirra	KhajiitRace	F	4	184,131,76	80	172,130,86	172,130,86	0
011778DC	031778DC	Dark09PhillidaBodyguard	Adamus Phillida's Bodyguard	ImperialRace	M	1	187,117,75	80	175,119,85	175,119,85	0
01165CA6	03165CA6	TESTOrc	Kurz gro-Baroth	OrcRace	M	1	103,111,45	80	107,114,61	107,114,61	0
01165CA5	03165CA5	TESTDarkElf	Hlaro Dren	DarkElfRace	M	1	89,88,83	80	96,95,91	96,95,91	0
01165CA4	03165CA4	TESTHighElf	Mannimarco	HighElfRace	F	24	208,176,73	80	191,166,83	191,166,83	0
01165CA3	03165CA3	TESTWoodElf	Hasathil	WoodElfRace	M	1	199,135,102	80	184,133,107	184,133,107	0
0114C715	0314C715	EvangelineBeanique	Evangeline Beanique	BretonRace	F	16	220,156,109	80	201,150,112	201,150,112	0
0114C46F	0314C46F	TG11MothPriestBossFemale01	Blind Moth Prelate	ImperialRace	F	13	182,112,70	80	171,115,81	171,115,81	0
0114C46E	0314C46E	TG11MothPriestBossMale01	Blind Moth Prelate	ImperialRace	M	1	187,117,75	80	175,119,85	175,119,85	0
0114C46B	0314C46B	TG11MothPriestMale02	Blind Moth Priest	ImperialRace	M	1	187,117,75	80	175,119,85	175,119,85	0
0114C46A	0314C46A	TG11MothPriestMale01	Blind Moth Priest	ImperialRace	M	1	187,117,75	80	175,119,85	175,119,85	0
0114C467	0314C467	TG11MothPriestFemale02	Blind Moth Priest	ImperialRace	F	13	182,112,70	80	171,115,81	171,115,81	0
0114C466	0314C466	TG11MothPriestFemale01	Blind Moth Priest	ImperialRace	F	13	182,112,70	80	171,115,81	171,115,81	0
0114683D	0314683D	ArenaICYellowTeamChampion	Yellow Team Champion	NordRace	F	24	230,155,134	80	209,149,132	209,149,132	0
0114683C	0314683C	ArenaICBlueTeamGladiator	Blue Team Gladiator	DarkElfRace	M	1	89,88,83	80	96,95,91	96,95,91	0
01132AEB	03132AEB	TESTArgonian	Tar-Meena	ArgonianRace	M	38	101,56,33	80	106,70,51	106,70,51	0
01115DFE	03115DFE	ICPalaceGuardPostNight04	Palace Guard	ImperialRace	M	1	187,117,75	80	175,119,85	175,119,85	0
01115DFD	03115DFD	ICPalaceGuardPostDay04	Palace Guard	ImperialRace	M	1	187,117,75	80	175,119,85	175,119,85	0
01115DFC	03115DFC	ICPalaceGuardPostNight03	Palace Guard	ImperialRace	M	1	187,117,75	80	175,119,85	175,119,85	0
01115DFB	03115DFB	ICPalaceGuardPostDay03	Palace Guard	ImperialRace	M	1	187,117,75	80	175,119,85	175,119,85	0
01115DFA	03115DFA	ICPalaceGuardPostNight02	Palace Guard	ImperialRace	M	1	187,117,75	80	175,119,85	175,119,85	0
01115DF9	03115DF9	ICPalaceGuardPostNight01	Palace Guard	ImperialRace	M	1	187,117,75	80	175,119,85	175,119,85	0
01115DF8	03115DF8	ICPalaceGuardPatrolNight01	Palace Guard	ImperialRace	M	1	187,117,75	80	175,119,85	175,119,85	0
01115DF7	03115DF7	ICPalaceGuardPatrolDay01	Palace Guard	ImperialRace	M	1	187,117,75	80	175,119,85	175,119,85	0
01115DF6	03115DF6	ICPalaceGuardPostDay02	Palace Guard	ImperialRace	M	1	187,117,75	80	175,119,85	175,119,85	0
0110D759	0310D759	ICPalaceGuardPostDay01	Palace Guard	ImperialRace	M	1	187,117,75	80	175,119,85	175,119,85	0
010BB9CB	030BB9CB	Nerussa	Nerussa	HighElfRace	F	24	208,176,73	80	191,166,83	191,166,83	0
010B1681	030B1681	PhilipFranc	Philip Franc	BretonRace	M	2	225,161,115	80	205,154,117	205,154,117	0
010B167F	030B167F	HanzgroHubrag	Hanz gro-Hubrag	OrcRace	M	1	103,111,45	80	107,114,61	107,114,61	0
010B167D	030B167D	FloydNathans	Floyd Nathans	BretonRace	M	2	225,161,115	80	205,154,117	205,154,117	0
010B1670	030B1670	HearsVoicesInTheAir	Hears-Voices-In-The-Air	ArgonianRace	M	38	101,56,33	80	106,70,51	106,70,51	0
010B166E	030B166E	SingsLikeThunder	Sings-Like-Thunder	ArgonianRace	M	38	101,56,33	80	106,70,51	106,70,51	0
010B1231	030B1231	DASanguineVoice		DarkElfRace	M	1	89,88,83	80	96,95,91	96,95,91	0
010B11D6	030B11D6	BlancheMastien	Blanche Mastien	BretonRace	F	16	220,156,109	80	201,150,112	201,150,112	0
010B11D4	030B11D4	Degil	Degil	WoodElfRace	F	24	194,131,97	80	180,130,103	180,130,103	0
0109700C	0309700C	Ashni	Ashni	KhajiitRace	F	4	184,131,76	80	172,130,86	172,130,86	0
0109700A	0309700A	Faurinthil	Faurinthil	WoodElfRace	F	24	194,131,97	80	180,130,103	180,130,103	0
01090661	03090661	TG05Dremora	Dremora Churl	DremoraRace	M	1	59,58,55	80	72,71,69	72,71,69	0
0109061B	0309061B	TestEndGameImperialSoldierDagonAttack	Imperial Legionnaire	ImperialRace	M	1	187,117,75	80	175,119,85	175,119,85	0
0109061A	0309061A	TestEndGameImperialArcherDagonAttack	Imperial Legionnaire	ImperialRace	M	1	187,117,75	80	175,119,85	175,119,85	0
0103E193	0303E193	Eyja	Eyja	NordRace	F	24	230,155,134	80	209,149,132	209,149,132	0
0103E190	0303E190	MagragroNaybek	Magra gro-Naybek	OrcRace	M	1	103,111,45	80	107,114,61	107,114,61	0
0103E188	0303E188	Karinnarre	Karinnarre	HighElfRace	F	24	208,176,73	80	191,166,83	191,166,83	0
0103E183	0303E183	Elsynia	Elsynia	WoodElfRace	F	24	194,131,97	80	180,130,103	180,130,103	0
0103E17E	0303E17E	Nordinor	Nordinor	WoodElfRace	M	1	199,135,102	80	184,133,107	184,133,107	0
0108DD96	0308DD96	TestPlayer	Test Player	DarkElfRace	M	1	89,88,83	80	96,95,91	96,95,91	0
0108ADCC	0308ADCC	AvieraNirol	Aviera Nirol	ImperialRace	F	13	182,112,70	80	171,115,81	171,115,81	0
0108ADCB	0308ADCB	Tenville	Tenville	RedguardRace	F	23	114,52,24	80	116,67,44	116,67,44	0
0108ADCA	0308ADCA	DAVaerminaVoice	DAVaerminaVoice	HighElfRace	F	24	208,176,73	80	191,166,83	191,166,83	0
010897E7	030897E7	Sthasa	S'thasa	KhajiitRace	F	4	184,131,76	80	172,130,86	172,130,86	0
010897E5	030897E5	Tsramla	Tsramla	KhajiitRace	F	4	184,131,76	80	172,130,86	172,130,86	0
010897E3	030897E3	Tsalajma	Tsalajma	KhajiitRace	F	4	184,131,76	80	172,130,86	172,130,86	0
010897E1	030897E1	Mdirr	M'dirr	KhajiitRace	M	1	189,124,58	80	176,124,71	176,124,71	0
010897DF	030897DF	Mdasha	M'dasha	KhajiitRace	M	1	189,124,58	80	176,124,71	176,124,71	0
010897DD	030897DD	Jriska	J'riska	KhajiitRace	M	1	189,124,58	80	176,124,71	176,124,71	0
010897C1	030897C1	DAPeryiteVoice		DarkElfRace	M	1	89,88,83	80	96,95,91	96,95,91	0
010897C0	030897C0	DASheogorathVoice		DarkElfRace	M	1	89,88,83	80	96,95,91	96,95,91	0
01085110	03085110	Dhola	Dhola	RedguardRace	F	23	114,52,24	80	116,67,44	116,67,44	0
0108510F	0308510F	FrancineVelain	Francine Velain	BretonRace	F	16	220,156,109	80	201,150,112	201,150,112	0
01084A49	03084A49	DANocturnalVoice		BretonRace	F	16	220,156,109	80	201,150,112	201,150,112	0
0105DCA5	0305DCA5	DANamiraForgotten4b	Forgotten One	BretonRace	M	2	225,161,115	80	205,154,117	205,154,117	0
0105DCA4	0305DCA4	DANamiraForgotten4a	Forgotten One	WoodElfRace	F	24	194,131,97	80	180,130,103	180,130,103	0
0105DCA1	0305DCA1	DANamiraForgotten3b	Forgotten One	NordRace	F	24	230,155,134	80	209,149,132	209,149,132	0
0105DCA0	0305DCA0	DANamiraForgotten3a	Forgotten One	BretonRace	M	2	225,161,115	80	205,154,117	205,154,117	0
0105DC9D	0305DC9D	DANamiraForgotten2b	Forgotten One	NordRace	M	1	235,159,140	80	213,152,137	213,152,137	0
0105DC9C	0305DC9C	DANamiraForgotten2a	Forgotten One	HighElfRace	F	24	208,176,73	80	191,166,83	191,166,83	0
0105DC99	0305DC99	DANamiraForgotten1b	Forgotten One	WoodElfRace	M	1	199,135,102	80	184,133,107	184,133,107	0
0105DC98	0305DC98	DANamiraForgotten1a	Forgotten One	ImperialRace	F	13	182,112,70	80	171,115,81	171,115,81	0
0105D547	0305D547	JavoliaMaborel	Javolia Maborel	ImperialRace	F	13	182,112,70	80	171,115,81	171,115,81	0
0105D545	0305D545	Demetrius	Demetrius	RedguardRace	M	1	119,56,30	80	120,70,49	120,70,49	0
0105D517	0305D517	BrusciusLongus	Bruscius Longus	ImperialRace	M	1	187,117,75	80	175,119,85	175,119,85	0
0105D516	0305D516	NorasaAdus	Norasa Adus	DarkElfRace	F	24	84,84,78	80	92,92,87	92,92,87	0
0105D369	0305D369	MQ15MythicDawnXivCatcher	Ascended Immortal	ImperialRace	M	1	187,117,75	80	175,119,85	175,119,85	0
0105C01E	0305C01E	DANamiraVoice		DarkElfRace	M	1	89,88,83	80	96,95,91	96,95,91	0
01059D2F	03059D2F	Astante	Astante	HighElfRace	F	24	208,176,73	80	191,166,83	191,166,83	0
01059D2E	03059D2E	Merildor	Merildor	HighElfRace	M	1	213,180,78	80	195,169,87	195,169,87	0
010579C4	030579C4	DAMeridiaVoice		DarkElfRace	F	24	84,84,78	80	92,92,87	92,92,87	0
01051EE3	03051EE3	DAMephalaVoice	Mephala's Voice for Recording	HighElfRace	F	24	208,176,73	80	191,166,83	191,166,83	0
01051EE2	03051EE2	DAMalacathVoice	Malacath's Voice for Recording	OrcRace	M	1	103,111,45	80	107,114,61	107,114,61	0
01051EDB	03051EDB	DAHircineVoice	Hircine's Voice for Recording	NordRace	M	1	235,159,140	80	213,152,137	213,152,137	0
01046319	03046319	MQ10BrumaGuard05	Bruma Guard	ImperialRace	M	1	187,117,75	80	175,119,85	175,119,85	0
01046318	03046318	MQ10BrumaGuard04	Bruma Guard	ImperialRace	M	1	187,117,75	80	175,119,85	175,119,85	0
01046315	03046315	MQ10BrumaGuard03	Bruma Guard	ImperialRace	M	1	187,117,75	80	175,119,85	175,119,85	0
0104630B	0304630B	MQ10BrumaGuard02	Bruma Guard	ImperialRace	M	1	187,117,75	80	175,119,85	175,119,85	0
01037847	03037847	DAMolagBalVoice		DarkElfRace	M	1	89,88,83	80	96,95,91	96,95,91	0
0102C6C0	0302C6C0	DAAzuraVoice	Azura's Voce for Recording	ImperialRace	F	13	182,112,70	80	171,115,81	171,115,81	0
01024412	03024412	SchlerusSestius	Schlera Sestius	ImperialRace	F	13	182,112,70	80	171,115,81	171,115,81	0
010243C8	030243C8	CandiceCorgine	Candice Corgine	BretonRace	F	16	220,156,109	80	201,150,112	201,150,112	0
010243C3	030243C3	DABarnasVoice		DarkElfRace	M	1	89,88,83	80	96,95,91	96,95,91	0
010243C1	030243C1	DAClavicusVoice		DarkElfRace	M	1	89,88,83	80	96,95,91	96,95,91	0
010A948B	030A948B	DAHermaeusVoice		DarkElfRace	M	1	89,88,83	80	96,95,91	96,95,91	0
010A9487	030A9487	CastaFlavus	Casta Flavus	ImperialRace	M	1	187,117,75	80	175,119,85	175,119,85	0
010A3833	030A3833	Pajeen	Pajeen	ArgonianRace	M	38	101,56,33	80	106,70,51	106,70,51	0
010A3832	030A3832	TolvasaSendas	Tolvasa Sendas	DarkElfRace	F	24	84,84,78	80	92,92,87	92,92,87	0
010A369F	030A369F	AmminusGregori	Amminus Gregori	ImperialRace	M	1	187,117,75	80	175,119,85	175,119,85	0
010A345B	030A345B	MarcelAmelion	Marcel Amelion	BretonRace	M	2	225,161,115	80	205,154,117	205,154,117	0
010A3457	030A3457	BieneAmelionDEAD	Biene Amelion	BretonRace	F	16	220,156,109	80	201,150,112	201,150,112	0
010A2AE6	030A2AE6	DABoethiaChosen10	Boethia's Chosen	WoodElfRace	M	1	199,135,102	80	184,133,107	184,133,107	0
010A2AE5	030A2AE5	DABoethiaChosen09	Boethia's Chosen	RedguardRace	M	1	119,56,30	80	120,70,49	120,70,49	0
010A2AE4	030A2AE4	DABoethiaChosen08	Boethia's Chosen	OrcRace	F	13	100,108,44	80	105,111,60	105,111,60	0
010A2AE3	030A2AE3	DABoethiaChosen07	Boethia's Chosen	NordRace	F	24	230,155,134	80	209,149,132	209,149,132	0
010A2AE2	030A2AE2	DABoethiaChosen06	Boethia's Chosen	KhajiitRace	M	1	189,124,58	80	176,124,71	176,124,71	0
010A2AE1	030A2AE1	DABoethiaChosen05	Boethia's Chosen	ImperialRace	M	1	187,117,75	80	175,119,85	175,119,85	0
010A2AE0	030A2AE0	DABoethiaChosen04	Boethia's Chosen	HighElfRace	F	24	208,176,73	80	191,166,83	191,166,83	0
010A2ADF	030A2ADF	DABoethiaChosen03	Boethia's Chosen	DarkElfRace	M	1	89,88,83	80	96,95,91	96,95,91	0
010A2ADE	030A2ADE	DABoethiaChosen02	Boethia's Chosen	BretonRace	M	2	225,161,115	80	205,154,117	205,154,117	0
010A2ADD	030A2ADD	DABoethiaChosen01	Boethia's Chosen	ArgonianRace	F	16	81,64,40	80	90,76,57	90,76,57	0
0109FD72	0309FD72	HackdirtBrethrenMonsterPatrol2	Hackdirt Brethren	ImperialRace	M	1	187,117,75	80	175,119,85	175,119,85	0
0109FD71	0309FD71	HackdirtBrethrenMonsterDarMa	Hackdirt Brethren	ImperialRace	M	1	187,117,75	80	175,119,85	175,119,85	0
0109F98A	0309F98A	DABoethiaVoice	Boethia's Voice for Recording	DarkElfRace	M	1	89,88,83	80	96,95,91	96,95,91	0
0109C26A	0309C26A	MQ14DremoraSentryTemplate	Siege Crawler Sentry	DremoraRace	M	1	59,58,55	80	72,71,69	72,71,69	0
0109C226	0309C226	Mq14DremoraSigilGuard	Sigil Keeper	DremoraRace	M	1	59,58,55	80	72,71,69	72,71,69	0
01099A71	03099A71	MG13Vampire10Mage	Bloodcrust Vampire	BretonRace	M	2	225,161,115	80	205,154,117	205,154,117	0
01099A70	03099A70	MG13Vampire08Sorcerer	Bloodcrust Vampire	HighElfRace	F	24	208,176,73	80	191,166,83	191,166,83	0
01099A6F	03099A6F	MG13Vampire07Rogue	Bloodcrust Vampire	RedguardRace	F	23	114,52,24	80	116,67,44	116,67,44	0
01099A6D	03099A6D	MG13Vampire09Spellsword	Bloodcrust Vampire	BretonRace	F	16	220,156,109	80	201,150,112	201,150,112	0
01099A6C	03099A6C	MG13Vampire05Battlemage	Bloodcrust Vampire	DarkElfRace	M	1	89,88,83	80	96,95,91	96,95,91	0
01099A6B	03099A6B	MG13Vampire03Mage	Bloodcrust Vampire	BretonRace	M	2	225,161,115	80	205,154,117	205,154,117	0
01099A6A	03099A6A	MG13Vampire06Assassin	Bloodcrust Vampire	DarkElfRace	F	24	84,84,78	80	92,92,87	92,92,87	0
010998C4	030998C4	MQ15MythicDawnLowF01	Ascended Immortal	ImperialRace	F	13	182,112,70	80	171,115,81	171,115,81	0
010998C3	030998C3	MQ15MythicDawnLowF02	Ascended Immortal	RedguardRace	F	23	114,52,24	80	116,67,44	116,67,44	0
010998C2	030998C2	MQ15MythicDawnLowF03	Ascended Immortal	BretonRace	F	16	220,156,109	80	201,150,112	201,150,112	0
010998C1	030998C1	MQ15MythicDawnLowM03	Ascended Immortal	BretonRace	M	2	225,161,115	80	205,154,117	205,154,117	0
010982FE	030982FE	Holger	Brother Holger	NordRace	M	1	235,159,140	80	213,152,137	213,152,137	0
010982FD	030982FD	Hridi	Brother Hridi	NordRace	M	1	235,159,140	80	213,152,137	213,152,137	0
010982FC	030982FC	Hjar	Brother Hjar	NordRace	M	1	235,159,140	80	213,152,137	213,152,137	0
010982FB	030982FB	BravilGuardCastlePatrolNight01	Bravil Guard	ImperialRace	M	1	187,117,75	80	175,119,85	175,119,85	0
010982FA	030982FA	BravilGuardCastlePatrolDay01	Bravil Guard	ImperialRace	M	1	187,117,75	80	175,119,85	175,119,85	0
010982F9	030982F9	BeatriceGene	Beatrice Gene	BretonRace	F	16	220,156,109	80	201,150,112	201,150,112	0
010982F8	030982F8	ColinStedrine	Colin Stedrine	BretonRace	M	2	225,161,115	80	205,154,117	205,154,117	0
010982A5	030982A5	Rona	Rona	RedguardRace	F	23	114,52,24	80	116,67,44	116,67,44	0
0109829B	0309829B	MuggraMurgak	Mug gro-Murgak	OrcRace	M	1	103,111,45	80	107,114,61	107,114,61	0
01098295	03098295	HuntingTail	Hunting Tail	ArgonianRace	M	38	101,56,33	80	106,70,51	106,70,51	0
0109828B	0309828B	GhorubgroUgdub	Ghorub gro-Ugdub	OrcRace	M	1	103,111,45	80	107,114,61	107,114,61	0
01098258	03098258	DAAzuraVampire05	Afflicted Brethren	OrcRace	F	13	100,108,44	80	105,111,60	105,111,60	0
01098257	03098257	DAAzuraVampire04	Afflicted Brethren	ImperialRace	F	13	182,112,70	80	171,115,81	171,115,81	0
01098256	03098256	DAAzuraVampire03	Afflicted Brethren	NordRace	F	24	230,155,134	80	209,149,132	209,149,132	0
01098255	03098255	DAAzuraVAmpire02	Afflicted Brethren	HighElfRace	F	24	208,176,73	80	191,166,83	191,166,83	0
01098254	03098254	DAAzuraVampire01	Afflicted Brethren	OrcRace	M	1	103,111,45	80	107,114,61	107,114,61	0
01098252	03098252	Boroneth	Boroneth	WoodElfRace	F	24	194,131,97	80	180,130,103	180,130,103	0
010981C2	030981C2	HackdirtBrethrenMonsterPatrol	Hackdirt Brethren	ImperialRace	M	1	187,117,75	80	175,119,85	175,119,85	0
01098177	03098177	BWCWatersEdge3	Blackwood Company Guard	KhajiitRace	M	1	189,124,58	80	176,124,71	176,124,71	0
01098176	03098176	BWCWatersEdge2	Blackwood Company Guard	ArgonianRace	M	38	101,56,33	80	106,70,51	106,70,51	0
0109812F	0309812F	IlendVonius	Ilend Vonius	ImperialRace	M	1	187,117,75	80	175,119,85	175,119,85	0
0109812E	0309812E	MenienGoneld	Menien Goneld	ImperialRace	M	1	187,117,75	80	175,119,85	175,119,85	0
010980E0	030980E0	TestDeadMeat	Dead Meat	ImperialRace	M	1	187,117,75	80	175,119,85	175,119,85	0
0109808A	0309808A	E3KvatchSoldierArcher02	Imperial Legionnaire	ImperialRace	M	1	187,117,75	80	175,119,85	175,119,85	0
01098064	03098064	E3KvatchSoldierALERT02	Imperial Legionnaire	ImperialRace	M	1	187,117,75	80	175,119,85	175,119,85	0
01098052	03098052	E3KvatchArcherFall01	Imperial Legionnaire	ImperialRace	M	1	187,117,75	80	175,119,85	175,119,85	0
01097FBE	03097FBE	E3KvatchCaptain01	Imperial Legion Captain	ImperialRace	M	1	187,117,75	80	175,119,85	175,119,85	0
01097FBC	03097FBC	E3KvatchDremoraLord	Dremora Kynval	DremoraRace	M	1	59,58,55	80	72,71,69	72,71,69	0
01097FAF	03097FAF	E3KvatchStartSoldier	Imperial Legionnaire	ImperialRace	M	1	187,117,75	80	175,119,85	175,119,85	0
01097CB1	03097CB1	MQ06MythicDawnShrineGuard02	Mythic Dawn Guard	HighElfRace	M	1	213,180,78	80	195,169,87	195,169,87	0
01097CB0	03097CB0	MQ06MythicDawnShrineGuard01	Mythic Dawn Guard	DarkElfRace	F	24	84,84,78	80	92,92,87	92,92,87	0
01097CAF	03097CAF	MQ06MythicDawnGuardPatrol01	Mythic Dawn Guard	ImperialRace	M	1	187,117,75	80	175,119,85	175,119,85	0
01097C79	03097C79	MS94Soldier01	Imperial Legion Soldier	ImperialRace	M	1	187,117,75	80	175,119,85	175,119,85	0
01097C78	03097C78	MS94Archer01	Imperial Legion Soldier	ImperialRace	M	1	187,117,75	80	175,119,85	175,119,85	0
0109786B	0309786B	BurMeema	Bur-Meema	ArgonianRace	F	16	81,64,40	80	90,76,57	90,76,57	0
01097865	03097865	RalsaNethan	Ralsa Nethan	DarkElfRace	M	1	89,88,83	80	96,95,91	96,95,91	0
010977DA	030977DA	Hindaril	Hindaril	HighElfRace	M	1	213,180,78	80	195,169,87	195,169,87	0
01095A45	03095A45	MS93Varulae	Varulae	HighElfRace	F	24	208,176,73	80	191,166,83	191,166,83	0
01095A44	03095A44	MS93Crewmember4	Dead Crewmember	BretonRace	M	2	225,161,115	80	205,154,117	205,154,117	0
01095A43	03095A43	MS93Crewmember3	Dead Crewmember	BretonRace	M	2	225,161,115	80	205,154,117	205,154,117	0
01095A42	03095A42	MS93Crewmember2	Dead Crewmember	WoodElfRace	M	1	199,135,102	80	184,133,107	184,133,107	0
01095A41	03095A41	MS93Crewmember1	Dead Crewmember	ArgonianRace	M	38	101,56,33	80	106,70,51	106,70,51	0
01095A40	03095A40	MS93Captain	Dead Captain	RedguardRace	M	1	119,56,30	80	120,70,49	120,70,49	0
01095331	03095331	DarkPrisonGuard06	Captain Gepard Montrose	BretonRace	M	2	225,161,115	80	205,154,117	205,154,117	0
010950DB	030950DB	Dark04MythicDawn	Assassin	HighElfRace	M	1	213,180,78	80	195,169,87	195,169,87	0
0109504D	0309504D	Mq10OblivionSigilKeeper	Sigil Keeper	DremoraRace	M	1	59,58,55	80	72,71,69	72,71,69	0
01094E88	03094E88	MQ06MythicDawnAcolyteRandom01	Mythic Dawn Acolyte	ImperialRace	M	1	187,117,75	80	175,119,85	175,119,85	0
01094E87	03094E87	MQ06MythicDawnAcolyteRandom02	Mythic Dawn Acolyte	ImperialRace	F	13	182,112,70	80	171,115,81	171,115,81	0
01094E86	03094E86	MQ06MythicDawnAcolyteRandom03	Mythic Dawn Acolyte	ImperialRace	M	1	187,117,75	80	175,119,85	175,119,85	0
01094E85	03094E85	MQ06MythicDawnAcolyteRandom04	Mythic Dawn Acolyte	ImperialRace	F	13	182,112,70	80	171,115,81	171,115,81	0
01094E84	03094E84	MQ06MythicDawnAnteGuardF01	Mythic Dawn Guard	ImperialRace	F	13	182,112,70	80	171,115,81	171,115,81	0
01094E83	03094E83	MQ06MythicDawnAnteGuardM02	Mythic Dawn Guard	HighElfRace	M	1	213,180,78	80	195,169,87	195,169,87	0
01094E82	03094E82	MQ06MythicDawnAnteGuardF02	Mythic Dawn Guard	HighElfRace	F	24	208,176,73	80	191,166,83	191,166,83	0
01094E81	03094E81	MQ06MythicDawnAnteGuardF03	Mythic Dawn Guard	DarkElfRace	F	24	84,84,78	80	92,92,87	92,92,87	0
01094BE8	03094BE8	CaptainBaszonePatneim	Captain Baszone Patneim	ImperialRace	M	1	187,117,75	80	175,119,85	175,119,85	0
01093EF0	03093EF0	MS48OblivionSigilKeeper	Dremora Sigil Keeper	DremoraRace	M	1	59,58,55	80	72,71,69	72,71,69	0
01093CD4	03093CD4	TG08MothPriestBigBossMale01	Blind Moth Prelate	ImperialRace	M	1	187,117,75	80	175,119,85	175,119,85	0
01093CD2	03093CD2	TG08MothPriestBossFemale01	Blind Moth Prelate	ImperialRace	F	13	182,112,70	80	171,115,81	171,115,81	0
01093CCF	03093CCF	TG08MothPriestFemale02	Blind Moth Priest	ImperialRace	F	13	182,112,70	80	171,115,81	171,115,81	0
01093CCE	03093CCE	TG08MothPriestFemale01	Blind Moth Priest	ImperialRace	F	13	182,112,70	80	171,115,81	171,115,81	0
01093CCD	03093CCD	TG08MothPriestBossMale01	Blind Moth Prelate	ImperialRace	M	1	187,117,75	80	175,119,85	175,119,85	0
01093CCA	03093CCA	TG08MothPriestMale02	Blind Moth Priest	ImperialRace	M	1	187,117,75	80	175,119,85	175,119,85	0
01093CC8	03093CC8	TG08MothPriestMale01	Blind Moth Priest	ImperialRace	M	1	187,117,75	80	175,119,85	175,119,85	0
01093C66	03093C66	ZahrashaDead	Zahrasha	KhajiitRace	F	4	184,131,76	80	172,130,86	172,130,86	0
0109346E	0309346E	Jbaana	J'baana	KhajiitRace	M	1	189,124,58	80	176,124,71	176,124,71	0
01092DA5	03092DA5	Dremora0ChurlMage	Dremora Churl	DremoraRace	M	1	59,58,55	80	72,71,69	72,71,69	0
01092DA2	03092DA2	Dremora0ChurlMelee3	Dremora Churl	DremoraRace	M	1	59,58,55	80	72,71,69	72,71,69	0
01092DA1	03092DA1	Dremora0ChurlMelee2	Dremora Churl	DremoraRace	M	1	59,58,55	80	72,71,69	72,71,69	0
01092DA0	03092DA0	Dremora0ChurlMelee1	Dremora Churl	DremoraRace	M	1	59,58,55	80	72,71,69	72,71,69	0
01092D9F	03092D9F	Dremora6ValkynazMage	Dremora Valkynaz	DremoraRace	M	1	59,58,55	80	72,71,69	72,71,69	0
01092D9E	03092D9E	Dremora5MarkynazMage	Dremora Markynaz	DremoraRace	M	1	59,58,55	80	72,71,69	72,71,69	0
01092D9D	03092D9D	Dremora4KynmarcherMage	Dremora Kynmarcher	DremoraRace	M	1	59,58,55	80	72,71,69	72,71,69	0
01092D9C	03092D9C	Dremora3KynreeveMage	Dremora Kynreeve	DremoraRace	M	1	59,58,55	80	72,71,69	72,71,69	0
01092D9B	03092D9B	Dremora2KynvalMage	Dremora Kynval	DremoraRace	M	1	59,58,55	80	72,71,69	72,71,69	0
01092D9A	03092D9A	Dremora1CaitiffMage	Dremora Caitiff	DremoraRace	M	1	59,58,55	80	72,71,69	72,71,69	0
01092B07	03092B07	ICPrisonGuardNight02	Imperial Watch	ImperialRace	M	1	187,117,75	80	175,119,85	175,119,85	0
01092B06	03092B06	ICPrisonGuardNight01	Imperial Watch	ImperialRace	M	1	187,117,75	80	175,119,85	175,119,85	0
01092B05	03092B05	ICPrisonGuardDay04	Imperial Watch	ImperialRace	M	1	187,117,75	80	175,119,85	175,119,85	0
01092B04	03092B04	ICPrisonGuardDay03	Imperial Watch	ImperialRace	M	1	187,117,75	80	175,119,85	175,119,85	0
01092B03	03092B03	ICPrisonGuardDay02	Imperial Watch	ImperialRace	M	1	187,117,75	80	175,119,85	175,119,85	0
01092B02	03092B02	ICPrisonGuardDay01	Imperial Watch	ImperialRace	M	1	187,117,75	80	175,119,85	175,119,85	0
010927AE	030927AE	KvatchFallenGuard03		ImperialRace	M	1	187,117,75	80	175,119,85	175,119,85	0
010927AC	030927AC	KvatchFallenGuard02		ImperialRace	M	1	187,117,75	80	175,119,85	175,119,85	0
010927AA	030927AA	KvatchFallenGuard01		ImperialRace	M	1	187,117,75	80	175,119,85	175,119,85	0
01092643	03092643	ICArcaneUGuardNight02	Imperial Legion Battlemage	ImperialRace	M	1	187,117,75	80	175,119,85	175,119,85	0
01092642	03092642	ICArcaneUGuardDay02	Imperial Legion Battlemage	ImperialRace	M	1	187,117,75	80	175,119,85	175,119,85	0
0109263B	0309263B	ICArcaneUGuardNight01	Imperial Legion Battlemage	ImperialRace	M	1	187,117,75	80	175,119,85	175,119,85	0
0109263A	0309263A	ICArcaneUGuardDay01	Imperial Legion Battlemage	ImperialRace	M	1	187,117,75	80	175,119,85	175,119,85	0
010919C8	030919C8	MS11UnidentifiedBeggar	Murdered Beggar	NordRace	M	1	235,159,140	80	213,152,137	213,152,137	0
010918F2	030918F2	TestPosion	Arena Contestant	ImperialRace	F	13	182,112,70	80	171,115,81	171,115,81	0
01090AB3	03090AB3	Oleta	Oleta	RedguardRace	F	23	114,52,24	80	116,67,44	116,67,44	0
010908BB	030908BB	BanditBlackBowBoss4Male3	Black Bow Ringleader	DarkElfRace	M	1	89,88,83	80	96,95,91	96,95,91	0
010908BA	030908BA	BanditBlackBowBoss4Male2	Black Bow Ringleader	RedguardRace	M	1	119,56,30	80	120,70,49	120,70,49	0
010908B9	030908B9	BanditBlackBowBoss4Male1	Black Bow Ringleader	RedguardRace	M	1	119,56,30	80	120,70,49	120,70,49	0
010908B8	030908B8	BanditBlackBowBoss4Female3	Black Bow Ringleader	DarkElfRace	F	24	84,84,78	80	92,92,87	92,92,87	0
010908B7	030908B7	BanditBlackBowBoss4Female2	Black Bow Ringleader	DarkElfRace	F	24	84,84,78	80	92,92,87	92,92,87	0
010908B6	030908B6	BanditBlackBowBoss4Female1	Black Bow Ringleader	RedguardRace	F	23	114,52,24	80	116,67,44	116,67,44	0
010908B5	030908B5	BanditBlackBowMale4	Black Bow Bandit	DarkElfRace	M	1	89,88,83	80	96,95,91	96,95,91	0
010908B4	030908B4	BanditBlackBowMale3	Black Bow Bandit	DarkElfRace	M	1	89,88,83	80	96,95,91	96,95,91	0
010908B3	030908B3	BanditBlackBowMale2	Black Bow Bandit	WoodElfRace	M	1	199,135,102	80	184,133,107	184,133,107	0
010908B2	030908B2	BanditBlackBowMale1	Black Bow Bandit	WoodElfRace	M	1	199,135,102	80	184,133,107	184,133,107	0
010908B1	030908B1	BanditBlackBowFemale4	Black Bow Bandit	DarkElfRace	F	24	84,84,78	80	92,92,87	92,92,87	0
010908B0	030908B0	BanditBlackBowFemale3	Black Bow Bandit	DarkElfRace	F	24	84,84,78	80	92,92,87	92,92,87	0
010908AF	030908AF	BanditBlackBowFemale2	Black Bow Bandit	WoodElfRace	F	24	194,131,97	80	180,130,103	180,130,103	0
010908AC	030908AC	BanditBlackBowFemale1	Black Bow Bandit	WoodElfRace	F	24	194,131,97	80	180,130,103	180,130,103	0
0108677B	0308677B	MG17Necromancer01b	Necromancer	ImperialRace	M	1	187,117,75	80	175,119,85	175,119,85	0
01086772	03086772	MG17Necromancer02	Necromancer	ImperialRace	M	1	187,117,75	80	175,119,85	175,119,85	0
01086755	03086755	Dark19Murderer3	Dark Brotherhood Murderer	KhajiitRace	M	1	189,124,58	80	176,124,71	176,124,71	0
01086754	03086754	Dark19Murderer2	Dark Brotherhood Murderer	BretonRace	F	16	220,156,109	80	201,150,112	201,150,112	0
01086753	03086753	Dark19Murderer1	Dark Brotherhood Murderer	ImperialRace	M	1	187,117,75	80	175,119,85	175,119,85	0
01085E4B	03085E4B	TestStair	I walk up and down stairs	ImperialRace	M	1	187,117,75	80	175,119,85	175,119,85	0
01085969	03085969	MazogatheOrc	Mazoga the Orc	OrcRace	F	13	100,108,44	80	105,111,60	105,111,60	0
0108595D	0308595D	Alonzo	Alonzo	RedguardRace	M	1	119,56,30	80	120,70,49	120,70,49	0
0108595B	0308595B	RoxyAric	Roxy Aric	BretonRace	F	16	220,156,109	80	201,150,112	201,150,112	0
0108595A	0308595A	BlackBrugo	Black Brugo	OrcRace	M	1	103,111,45	80	107,114,61	107,114,61	0
01085931	03085931	Dark17Victim2	Unknown Victim	BretonRace	M	2	225,161,115	80	205,154,117	205,154,117	0
0108592F	0308592F	Dark17Victim1	Unknown Victim	HighElfRace	F	24	208,176,73	80	191,166,83	191,166,83	0
0108587F	0308587F	JeanneFrasoricDead	Jeanne Frasoric	BretonRace	F	16	220,156,109	80	201,150,112	201,150,112	0
0108521D	0308521D	MensaSelas	Mensa Selas	DarkElfRace	F	24	84,84,78	80	92,92,87	92,92,87	0
0108521C	0308521C	Ayisha	Ayisha	KhajiitRace	F	4	184,131,76	80	172,130,86	172,130,86	0
0108521B	0308521B	JBaasha	J'Baasha	KhajiitRace	M	1	189,124,58	80	176,124,71	176,124,71	0
0108521A	0308521A	MogensWindShifter	Mogens Wind-Shifter	NordRace	M	1	235,159,140	80	213,152,137	213,152,137	0
010837F4	030837F4	ICArenaPostNight03	Imperial Watch	ImperialRace	M	1	187,117,75	80	175,119,85	175,119,85	0
010837F3	030837F3	ICArenaPostDay03	Imperial Watch	ImperialRace	M	1	187,117,75	80	175,119,85	175,119,85	0
010837F2	030837F2	ICArenaPatrolNight01	Imperial Watch	ImperialRace	M	1	187,117,75	80	175,119,85	175,119,85	0
010837F1	030837F1	ICArenaPostDay02	Imperial Watch	ImperialRace	M	1	187,117,75	80	175,119,85	175,119,85	0
010837D0	030837D0	Fafnir	Fafnir	NordRace	M	1	235,159,140	80	213,152,137	213,152,137	0
010837CF	030837CF	Dark09Gwendolyn	Gwendolyn	RedguardRace	F	23	114,52,24	80	116,67,44	116,67,44	0
01054702	03054702	ICArboretumPatrolNight02	Imperial Watch	ImperialRace	M	1	187,117,75	80	175,119,85	175,119,85	0
010546FD	030546FD	ICArboretumPatrolNight01	Imperial Watch	ImperialRace	M	1	187,117,75	80	175,119,85	175,119,85	0
010546FA	030546FA	ICArboretumPatrolDay02	Imperial Watch	ImperialRace	M	1	187,117,75	80	175,119,85	175,119,85	0
010546F2	030546F2	ICArboretumPatrolDay01	Imperial Watch	ImperialRace	M	1	187,117,75	80	175,119,85	175,119,85	0
0105466B	0305466B	MS94ImperialSoldier	Imperial Legion Soldier	ImperialRace	M	1	187,117,75	80	175,119,85	175,119,85	0
010545D9	030545D9	Tilmo	Tilmo	HighElfRace	M	1	213,180,78	80	195,169,87	195,169,87	0
01053FEE	03053FEE	MS94ImperialCaptain	Imperial Legion Captain	ImperialRace	M	1	187,117,75	80	175,119,85	175,119,85	0
01053FEA	03053FEA	MS94Dremora	Dremora Kynval	DremoraRace	M	1	59,58,55	80	72,71,69	72,71,69	0
01053FE8	03053FE8	MS94ImperialArcher	Imperial Legion Soldier	ImperialRace	M	1	187,117,75	80	175,119,85	175,119,85	0
010538DA	030538DA	TestToddDremoraHelm	Dremora Test	DremoraRace	M	1	59,58,55	80	72,71,69	72,71,69	0
0105383F	0305383F	ArnoraCorpse	Arnora	ImperialRace	F	13	182,112,70	80	171,115,81	171,115,81	0
0105378D	0305378D	TyrelliusLogellusOffDuty	Tyrellius Logellus	ImperialRace	M	1	187,117,75	80	175,119,85	175,119,85	0
01053788	03053788	TyrelliusLogellus	Tyrellius Logellus	ImperialRace	M	1	187,117,75	80	175,119,85	175,119,85	0
010514C6	030514C6	Smirra	S'mirra	KhajiitRace	F	4	184,131,76	80	172,130,86	172,130,86	0
010514C5	030514C5	DeetumJa	Deetum-Ja	ArgonianRace	M	38	101,56,33	80	106,70,51	106,70,51	0
010514C4	030514C4	Aengvir	Aengvir	WoodElfRace	M	1	199,135,102	80	184,133,107	184,133,107	0
0104F77E	0304F77E	JanuariusAurunceia	Januarius Aurunceia	ImperialRace	M	1	187,117,75	80	175,119,85	175,119,85	0
0104F77D	0304F77D	JanoniaAurunceia	Janonia Aurunceia	ImperialRace	F	13	182,112,70	80	171,115,81	171,115,81	0
0104F705	0304F705	TestGoblinJim	Goblin Jim	BretonRace	M	2	225,161,115	80	205,154,117	205,154,117	0
0104EF69	0304EF69	CheydinhalGuardCityPostDay03	Cheydinhal Guard	ImperialRace	M	1	187,117,75	80	175,119,85	175,119,85	0
0104EF6F	0304EF6F	CheydinhalGuardCityPostNight03	Cheydinhal Guard	ImperialRace	M	1	187,117,75	80	175,119,85	175,119,85	0
0104EFF9	0304EFF9	CheydinhalGuardCityPostDay04	Cheydinhal Guard	ImperialRace	M	1	187,117,75	80	175,119,85	175,119,85	0
0104EFFA	0304EFFA	CheydinhalGuardCityPostNight04	Cheydinhal Guard	ImperialRace	M	1	187,117,75	80	175,119,85	175,119,85	0
0104EFFD	0304EFFD	BravilGuardCastlePostDay03	Bravil Guard	ImperialRace	M	1	187,117,75	80	175,119,85	175,119,85	0
0104EFFE	0304EFFE	BravilGuardCastlePostNight03	Bravil Guard	ImperialRace	M	1	187,117,75	80	175,119,85	175,119,85	0
0104EFFC	0304EFFC	AnvilGuardCityPostNight03	Anvil Guard	ImperialRace	M	1	187,117,75	80	175,119,85	175,119,85	0
0104EFFB	0304EFFB	AnvilGuardCityPostDay03	Anvil Guard	ImperialRace	M	1	187,117,75	80	175,119,85	175,119,85	0
010479F7	030479F7	Atahba	Atahba	KhajiitRace	F	4	184,131,76	80	172,130,86	172,130,86	0
010479F5	030479F5	CatFace	Cat-Face	ArgonianRace	M	38	101,56,33	80	106,70,51	106,70,51	0
01033C74	03033C74	RosentiaGallenus	Rosentia Gallenus	ImperialRace	F	13	182,112,70	80	171,115,81	171,115,81	0
01033B8D	03033B8D	MG16NecromancerMale3	Mage	BretonRace	M	2	225,161,115	80	205,154,117	205,154,117	0
01033B8B	03033B8B	MG16NecromancerFemale3	Mage	HighElfRace	F	24	208,176,73	80	191,166,83	191,166,83	0
01032BFF	03032BFF	VampirePatriarchCrusaderFemale	Vampire Matriarch	OrcRace	F	13	100,108,44	80	105,111,60	105,111,60	0
01032BFE	03032BFE	VampirePatriarchCrusaderMale	Vampire Patriarch	OrcRace	M	1	103,111,45	80	107,114,61	107,114,61	0
01032BFD	03032BFD	VampirePatriarchAssassinMale	Vampire Patriarch	DarkElfRace	M	1	89,88,83	80	96,95,91	96,95,91	0
01032BFC	03032BFC	VampirePatriarchAssassinFemale	Vampire Matriarch	DarkElfRace	F	24	84,84,78	80	92,92,87	92,92,87	0
01032BF9	03032BF9	VampirePatriarchSorcererFemale	Vampire Matriarch	HighElfRace	F	24	208,176,73	80	191,166,83	191,166,83	0
01032BF8	03032BF8	VampirePatriarchSorcererMale	Vampire Patriarch	HighElfRace	M	1	213,180,78	80	195,169,87	195,169,87	0
01032943	03032943	MG16NecromancerMale2	Mage	HighElfRace	M	1	213,180,78	80	195,169,87	195,169,87	0
01032942	03032942	MG16NecromancerFemale1TEMPLATE	Mage	HighElfRace	F	24	208,176,73	80	191,166,83	191,166,83	0
01032941	03032941	MG16NecromancerFemale2	Mage	BretonRace	F	16	220,156,109	80	201,150,112	201,150,112	0
01032940	03032940	MG16NecromancerMale1	Mage	BretonRace	M	2	225,161,115	80	205,154,117	205,154,117	0
010327BF	030327BF	JolieRetiene	Jolie Retiene	BretonRace	F	16	220,156,109	80	201,150,112	201,150,112	0
010327BB	030327BB	MarieAlouette	Marie Alouette	BretonRace	F	16	220,156,109	80	201,150,112	201,150,112	0
010327BA	030327BA	EduardRetiene	Eduard Retiene	BretonRace	M	2	225,161,115	80	205,154,117	205,154,117	0
01032654	03032654	VampireNightblade2	Vampire Nightblade	DarkElfRace	F	24	84,84,78	80	92,92,87	92,92,87	0
01032653	03032653	VampireSpellsword2	Vampire Spellsword	BretonRace	M	2	225,161,115	80	205,154,117	205,154,117	0
01032652	03032652	VampireWitchhunter2	Vampire Witchhunter	HighElfRace	F	24	208,176,73	80	191,166,83	191,166,83	0
01032651	03032651	VampireBattlemage2	Vampire Battlemage	DarkElfRace	M	1	89,88,83	80	96,95,91	96,95,91	0
01032650	03032650	VampireHealer2	Vampire Sorcerer	ImperialRace	F	13	182,112,70	80	171,115,81	171,115,81	0
0103264F	0303264F	VampireSorcerer2	Vampire Sorcerer	HighElfRace	M	1	213,180,78	80	195,169,87	195,169,87	0
0103264E	0303264E	VampireMage2	Vampire Mage	BretonRace	M	2	225,161,115	80	205,154,117	205,154,117	0
0103264D	0303264D	VampireBard2	Vampire Bard	NordRace	F	24	230,155,134	80	209,149,132	209,149,132	0
0103264C	0303264C	VampirePilgrim2	Vampire Pilgrim	DarkElfRace	F	24	84,84,78	80	92,92,87	92,92,87	0
0103264B	0303264B	VampireMonk2	Vampire Monk	ImperialRace	F	13	182,112,70	80	171,115,81	171,115,81	0
0103264A	0303264A	VampireAcrobat2	Vampire Acrobat	WoodElfRace	F	24	194,131,97	80	180,130,103	180,130,103	0
01032649	03032649	VampireAssassin2	Vampire Assassin	DarkElfRace	F	24	84,84,78	80	92,92,87	92,92,87	0
01032648	03032648	VampireAgent2	Vampire Agent	BretonRace	F	16	220,156,109	80	201,150,112	201,150,112	0
01032647	03032647	VampireThief2	Vampire Thief	WoodElfRace	F	24	194,131,97	80	180,130,103	180,130,103	0
01032646	03032646	VampireRogue2	Vampire Rogue	RedguardRace	M	1	119,56,30	80	120,70,49	120,70,49	0
01032645	03032645	VampireArcher2	Vampire Archer	WoodElfRace	M	1	199,135,102	80	184,133,107	184,133,107	0
01032644	03032644	VampireScout2	Vampire Scout	RedguardRace	M	1	119,56,30	80	120,70,49	120,70,49	0
01032643	03032643	VampireKnight2	Vampire Knight	NordRace	M	1	235,159,140	80	213,152,137	213,152,137	0
01032642	03032642	VampireCrusader2	Vampire Crusader	OrcRace	M	1	103,111,45	80	107,114,61	107,114,61	0
01032641	03032641	VampireBarbarian2	Vampire Barbarian	NordRace	M	1	235,159,140	80	213,152,137	213,152,137	0
01032640	03032640	VampireWarrior2	Vampire Warrior	OrcRace	M	1	103,111,45	80	107,114,61	107,114,61	0
0104F126	0304F126	TestToddManHammer	Alban Corinis	ImperialRace	M	1	187,117,75	80	175,119,85	175,119,85	0
0104F125	0304F125	TestToddManNoShield	Alban Corinis	ImperialRace	M	1	187,117,75	80	175,119,85	175,119,85	0
0104E887	0304E887	MivrynaArano	Mivryna Arano	DarkElfRace	F	24	84,84,78	80	92,92,87	92,92,87	0
0104DE82	0304DE82	Dark06Lorkmir	Lorkmir	NordRace	M	1	235,159,140	80	213,152,137	213,152,137	0
0104D83C	0304D83C	Nardhil	Nardhil	DarkElfRace	F	24	84,84,78	80	92,92,87	92,92,87	0
0104BFB2	0304BFB2	MQ16ImperialSoldierDagonAttack	Imperial Legion Soldier	ImperialRace	M	1	187,117,75	80	175,119,85	175,119,85	0
0104BFB1	0304BFB1	MQ16ImperialArcherDagonAttack	Imperial Legion Archer	ImperialRace	M	1	187,117,75	80	175,119,85	175,119,85	0
0104B948	0304B948	NecromancerBossMaleBreton	Necromancer Adept	BretonRace	M	2	225,161,115	80	205,154,117	205,154,117	0
0104B947	0304B947	NecromancerBossMaleHighElf	Necromancer Adept	HighElfRace	M	1	213,180,78	80	195,169,87	195,169,87	0
0104B946	0304B946	NecromancerBossFemaleBreton	Necromancer Adept	BretonRace	F	16	220,156,109	80	201,150,112	201,150,112	0
0104B945	0304B945	NecromancerBossFemaleHighElf	Necromancer Adept	HighElfRace	F	24	208,176,73	80	191,166,83	191,166,83	0
0104B943	0304B943	ConjurerBossMaleBreton	Conjurer Adept	BretonRace	M	2	225,161,115	80	205,154,117	205,154,117	0
0104B942	0304B942	ConjurerBossMaleHighElf	Conjurer Adept	HighElfRace	M	1	213,180,78	80	195,169,87	195,169,87	0
0104B941	0304B941	ConjurerBossFemaleHighElf	Conjurer Adept	HighElfRace	F	24	208,176,73	80	191,166,83	191,166,83	0
0104B940	0304B940	ConjurerBossFemaleBreton	Conjurer Adept	BretonRace	F	16	220,156,109	80	201,150,112	201,150,112	0
0104B93C	0304B93C	NecromancerFemaleHighElf3	Necromancer	HighElfRace	F	24	208,176,73	80	191,166,83	191,166,83	0
0104B93B	0304B93B	NecromancerFemaleHighElf4	Necromancer	HighElfRace	F	24	208,176,73	80	191,166,83	191,166,83	0
0104B93A	0304B93A	NecromancerFemaleBreton2	Necromancer	BretonRace	F	16	220,156,109	80	201,150,112	201,150,112	0
0104B939	0304B939	NecromancerFemaleBreton4	Necromancer	BretonRace	F	16	220,156,109	80	201,150,112	201,150,112	0
0104B938	0304B938	NecromancerMaleHighElf3	Necromancer	HighElfRace	M	1	213,180,78	80	195,169,87	195,169,87	0
0104B937	0304B937	NecromancerMaleHighElf2	Necromancer	HighElfRace	M	1	213,180,78	80	195,169,87	195,169,87	0
0104B936	0304B936	NecromancerMaleBreton4	Necromancer	BretonRace	M	2	225,161,115	80	205,154,117	205,154,117	0
0104B92E	0304B92E	ConjurerFemaleHighElf3	Conjurer	HighElfRace	F	24	208,176,73	80	191,166,83	191,166,83	0
0104B92D	0304B92D	ConjurerFemaleHighElf4	Conjurer	HighElfRace	F	24	208,176,73	80	191,166,83	191,166,83	0
0104B92C	0304B92C	ConjurerFemaleHighElf2	Conjurer	HighElfRace	F	24	208,176,73	80	191,166,83	191,166,83	0
0104B92B	0304B92B	ConjurerFemaleBreton3	Conjurer	BretonRace	F	16	220,156,109	80	201,150,112	201,150,112	0
0104B92A	0304B92A	ConjurerMaleHighElf3	Conjurer	HighElfRace	M	1	213,180,78	80	195,169,87	195,169,87	0
0104B929	0304B929	ConjurerMaleBreton2	Conjurer	BretonRace	M	2	225,161,115	80	205,154,117	205,154,117	0
0104B928	0304B928	ConjurerMaleBreton3	Conjurer	BretonRace	M	2	225,161,115	80	205,154,117	205,154,117	0
0104B909	0304B909	ConjurerMaleHighElf4	Conjurer	HighElfRace	M	1	213,180,78	80	195,169,87	195,169,87	0
0104B76F	0304B76F	TG06PaleLadyVampire	Pale Lady	DarkElfRace	F	24	84,84,78	80	92,92,87	92,92,87	0
0104A938	0304A938	MQ16ImperialWatch	Imperial Watch	ImperialRace	M	1	187,117,75	80	175,119,85	175,119,85	0
0104A2C2	0304A2C2	MQ16DremoraCouncilChamberAttack	Dremora Kynval	DremoraRace	M	1	59,58,55	80	72,71,69	72,71,69	0
0104A2BF	0304A2BF	ICPalaceGuardGreenWay01	Palace Guard	ImperialRace	M	1	187,117,75	80	175,119,85	175,119,85	0
01049882	03049882	DarkPirate6	Pirate	BretonRace	M	2	225,161,115	80	205,154,117	205,154,117	0
01049880	03049880	DarkPirate5	Pirate	ArgonianRace	M	38	101,56,33	80	106,70,51	106,70,51	0
01049821	03049821	TestTakeCoverCaster2	TestTakeCoverCaster2	WoodElfRace	M	1	199,135,102	80	184,133,107	184,133,107	0
01049820	03049820	TestTakeCoverCaster1	TestTakeCoverCaster1	HighElfRace	M	1	213,180,78	80	195,169,87	195,169,87	0
0104981F	0304981F	TestTakeCoverFighter2	TestTakeCoverFighter2	NordRace	M	1	235,159,140	80	213,152,137	213,152,137	0
0104981E	0304981E	TestTakeCoverFighter1	TestTakeCoverFighter1	ImperialRace	M	1	187,117,75	80	175,119,85	175,119,85	0
010493AE	030493AE	DarkPirate4	Pirate	RedguardRace	M	1	119,56,30	80	120,70,49	120,70,49	0
01049197	03049197	MG13Vampire04Warrior	Bloodcrust Vampire	RedguardRace	F	23	114,52,24	80	116,67,44	116,67,44	0
01048968	03048968	DarkDoorSpeakNPC	Sanctuary Door Voice	DarkElfRace	M	1	89,88,83	80	96,95,91	96,95,91	0
01048962	03048962	DarkFirstMate	First Mate Malvulis	DarkElfRace	F	24	84,84,78	80	92,92,87	92,92,87	0
0104894F	0304894F	MQ16DremoraKynval	Dremora Kynval	DremoraRace	M	1	59,58,55	80	72,71,69	72,71,69	0
0104892F	0304892F	MQ16ImperialCaptain01	Imperial Legion Captain	ImperialRace	M	1	187,117,75	80	175,119,85	175,119,85	0
0104892E	0304892E	MQ16DeadPalaceGuard	Palace Guard	ImperialRace	M	1	187,117,75	80	175,119,85	175,119,85	0
010488F3	030488F3	AntoineBranck	Antoine Branck	BretonRace	M	2	225,161,115	80	205,154,117	205,154,117	0
0104872B	0304872B	MG13Vampire02Spellsword	Bloodcrust Vampire	RedguardRace	M	1	119,56,30	80	120,70,49	120,70,49	0
0104872A	0304872A	MG13Vampire01Warrior	Bloodcrust Vampire	ImperialRace	M	1	187,117,75	80	175,119,85	175,119,85	0
010477ED	030477ED	HillodTheOutlaw	Hillod the Outlaw	RedguardRace	M	1	119,56,30	80	120,70,49	120,70,49	0
010477EC	030477EC	DranasLlethro	Dranas Llethro	DarkElfRace	M	1	89,88,83	80	96,95,91	96,95,91	0
010477E5	030477E5	IsleifTheOpenHanded	Isleif the Open Handed	RedguardRace	M	1	119,56,30	80	120,70,49	120,70,49	0
010477DD	030477DD	KastavKvinchal	Kastav Kvinchal	ImperialRace	M	1	187,117,75	80	175,119,85	175,119,85	0
010477DC	030477DC	VlanarusKvinchal	Vlanarus Kvinchal	ImperialRace	M	1	187,117,75	80	175,119,85	175,119,85	0
010477DB	030477DB	BronsilaKvinchal	Bronsila Kvinchal	ImperialRace	F	13	182,112,70	80	171,115,81	171,115,81	0
010477D4	030477D4	Jair	Jair	RedguardRace	M	1	119,56,30	80	120,70,49	120,70,49	0
01047720	03047720	ViniciaMelissaeia	Vinicia Melissaeia	ImperialRace	F	13	182,112,70	80	171,115,81	171,115,81	0
0104738E	0304738E	Dremora6ValkynazMelee3	Dremora Valkynaz	DremoraRace	M	1	59,58,55	80	72,71,69	72,71,69	0
0104738D	0304738D	Dremora5MarkynazMelee3	Dremora Markynaz	DremoraRace	M	1	59,58,55	80	72,71,69	72,71,69	0
0104738C	0304738C	Dremora4KynmarcherMelee3	Dremora Kynmarcher	DremoraRace	M	1	59,58,55	80	72,71,69	72,71,69	0
0104738B	0304738B	Dremora3KynreeveMelee3	Dremora Kynreeve	DremoraRace	M	1	59,58,55	80	72,71,69	72,71,69	0
0104738A	0304738A	Dremora2KynvalMelee3	Dremora Kynval	DremoraRace	M	1	59,58,55	80	72,71,69	72,71,69	0
01047389	03047389	Dremora1CaitiffMelee3	Dremora Caitiff	DremoraRace	M	1	59,58,55	80	72,71,69	72,71,69	0
01046692	03046692	MQ15MythicDawnLowM04	Ascended Immortal	NordRace	M	1	235,159,140	80	213,152,137	213,152,137	0
01046691	03046691	MQ15MythicDawnLowM02	Ascended Immortal	RedguardRace	M	1	119,56,30	80	120,70,49	120,70,49	0
01046653	03046653	ArenaMouth	Arena Mouth	ImperialRace	M	1	187,117,75	80	175,119,85	175,119,85	0
0103FBD9	0303FBD9	MQ15MythicDawnGuardDarkElf	Ascended Immortal	DarkElfRace	M	1	89,88,83	80	96,95,91	96,95,91	0
0103FB86	0303FB86	MG07MarauderMissileMale2	Marauder Archer	ImperialRace	M	1	187,117,75	80	175,119,85	175,119,85	0
0103FB85	0303FB85	MG07MarauderMageFemale1	Marauder Battlemage	HighElfRace	F	24	208,176,73	80	191,166,83	191,166,83	0
0103FB84	0303FB84	MG07MarauderMageMale2	Marauder Battlemage	HighElfRace	M	1	213,180,78	80	195,169,87	195,169,87	0
0103FB83	0303FB83	MG07MarauderMissileFemale1	Marauder Archer	ArgonianRace	F	16	81,64,40	80	90,76,57	90,76,57	0
0103FB81	0303FB81	MG07MarauderMeleeMale1	Marauder	NordRace	M	1	235,159,140	80	213,152,137	213,152,137	0
0103F8B2	0303F8B2	TestToddMan65	Man 65	ImperialRace	M	1	187,117,75	80	175,119,85	175,119,85	0
0103F8B1	0303F8B1	TestToddMan55	Man 55	ImperialRace	M	1	187,117,75	80	175,119,85	175,119,85	0
0103F8B0	0303F8B0	TestToddMan45	Man 45	ImperialRace	M	1	187,117,75	80	175,119,85	175,119,85	0
0103F8AF	0303F8AF	TestToddMan35	Man 35	ImperialRace	M	1	187,117,75	80	175,119,85	175,119,85	0
0103F8AE	0303F8AE	TestToddMan25	Man25	ImperialRace	M	1	187,117,75	80	175,119,85	175,119,85	0
0103F8AD	0303F8AD	TestToddMan15	Man 15	ImperialRace	M	1	187,117,75	80	175,119,85	175,119,85	0
0103EE80	0303EE80	Dremora3KynreeveMelee2	Dremora Kynreeve	DremoraRace	M	1	59,58,55	80	72,71,69	72,71,69	0
0103EE7F	0303EE7F	Dremora3KynreeveMelee1	Dremora Kynreeve	DremoraRace	M	1	59,58,55	80	72,71,69	72,71,69	0
0103EE7B	0303EE7B	Dremora6ValkynazMelee2	Dremora Valkynaz	DremoraRace	M	1	59,58,55	80	72,71,69	72,71,69	0
0103EE7A	0303EE7A	Dremora5MarkynazMelee2	Dremora Markynaz	DremoraRace	M	1	59,58,55	80	72,71,69	72,71,69	0
0103EE79	0303EE79	Dremora5MarkynazMelee1	Dremora Markynaz	DremoraRace	M	1	59,58,55	80	72,71,69	72,71,69	0
0103EE75	0303EE75	Dremora4KynmarcherMelee2	Dremora Kynmarcher	DremoraRace	M	1	59,58,55	80	72,71,69	72,71,69	0
0103EE72	0303EE72	Dremora2KynvalMelee2	Dremora Kynval	DremoraRace	M	1	59,58,55	80	72,71,69	72,71,69	0
0103EE71	0303EE71	Dremora1CaitiffMelee2	Dremora Caitiff	DremoraRace	M	1	59,58,55	80	72,71,69	72,71,69	0
0103EE70	0303EE70	Dremora1CaitiffMelee1	Dremora Caitiff	DremoraRace	M	1	59,58,55	80	72,71,69	72,71,69	0
0103EAAE	0303EAAE	MQ15MythicDawnPrisonerFemale	Prisoner	ImperialRace	F	13	182,112,70	80	171,115,81	171,115,81	0
0103EAAD	0303EAAD	MQ15MythicDawnPrisonerMale	Prisoner	ImperialRace	M	1	187,117,75	80	175,119,85	175,119,85	0
0103E9CA	0303E9CA	Dremora6ValkynazMelee1	Dremora Valkynaz	DremoraRace	M	1	59,58,55	80	72,71,69	72,71,69	0
0103E9C8	0303E9C8	Dremora4KynmarcherMelee1	Dremora Kynmarcher	DremoraRace	M	1	59,58,55	80	72,71,69	72,71,69	0
0103E9C6	0303E9C6	Dremora2KynvalMelee1	Dremora Kynval	DremoraRace	M	1	59,58,55	80	72,71,69	72,71,69	0
0103E956	0303E956	RonaHassildor	Rona Hassildor	ImperialRace	F	13	182,112,70	80	171,115,81	171,115,81	0
0103E931	0303E931	Melisande	Melisande	BretonRace	F	16	220,156,109	80	201,150,112	201,150,112	0
0103E92F	0303E92F	BralsaAndaren	Bralsa Andaren	DarkElfRace	F	24	84,84,78	80	92,92,87	92,92,87	0
0103E92D	0303E92D	GinWulm	Gin-Wulm	ArgonianRace	M	38	101,56,33	80	106,70,51	106,70,51	0
0103E92B	0303E92B	Sinderion	Sinderion	HighElfRace	M	1	213,180,78	80	195,169,87	195,169,87	0
0103E915	0303E915	testDremoraMaleLordA	LordGenghis	DremoraRace	M	1	59,58,55	80	72,71,69	72,71,69	0
0103CD2B	0303CD2B	MG07MarauderBoss	Marauder Warlord	OrcRace	M	1	103,111,45	80	107,114,61	107,114,61	0
0103CD1B	0303CD1B	MQ15Orthe	Orthe	DremoraRace	M	1	59,58,55	80	72,71,69	72,71,69	0
0103CD1A	0303CD1A	MQ15Ranyu	Ranyu	DremoraRace	M	1	59,58,55	80	72,71,69	72,71,69	0
0103CD19	0303CD19	MQ15Amkaos	Amkaos	DremoraRace	M	1	59,58,55	80	72,71,69	72,71,69	0
0103C97A	0303C97A	HumilisNonius	Humilis Nonius	ImperialRace	M	1	187,117,75	80	175,119,85	175,119,85	0
0103C806	0303C806	MQ15Eldamil	Eldamil	HighElfRace	M	1	213,180,78	80	195,169,87	195,169,87	0
0103C805	0303C805	MQ15Kathutet	Kathutet	DremoraRace	M	1	59,58,55	80	72,71,69	72,71,69	0
0103C2C5	0303C2C5	MS10CheydinhalHouseGuard01	Cheydinhal Guard	ImperialRace	M	1	187,117,75	80	175,119,85	175,119,85	0
0103C165	0303C165	ToothintheSea	Tooth-in-the-Sea	ArgonianRace	M	38	101,56,33	80	106,70,51	106,70,51	0
0103C15F	0303C15F	Alawen	Alawen	WoodElfRace	F	24	194,131,97	80	180,130,103	180,130,103	0
0103E29B	0303E29B	MQ15MythicDawnLowM01	Ascended Immortal	ImperialRace	M	1	187,117,75	80	175,119,85	175,119,85	0
0103E0DF	0303E0DF	Clesa	Clesa	RedguardRace	F	23	114,52,24	80	116,67,44	116,67,44	0
0103E0DE	0303E0DE	Ernest	Ernest	RedguardRace	M	1	119,56,30	80	120,70,49	120,70,49	0
01035FE1	03035FE1	MarauderBossFemale2	Marauder Warlord	ImperialRace	F	13	182,112,70	80	171,115,81	171,115,81	0
01035FE0	03035FE0	MarauderBossFemale1	Marauder Warlord	NordRace	F	24	230,155,134	80	209,149,132	209,149,132	0
01035FDF	03035FDF	MarauderBossMale2	Marauder Warlord	ImperialRace	M	1	187,117,75	80	175,119,85	175,119,85	0
01035FDE	03035FDE	MarauderBossMale1	Marauder Warlord	NordRace	M	1	235,159,140	80	213,152,137	213,152,137	0
01035FDD	03035FDD	MarauderMageFemale2	Marauder Battlemage	HighElfRace	F	24	208,176,73	80	191,166,83	191,166,83	0
01035FDC	03035FDC	MarauderMageFemale3B	Marauder Battlemage	HighElfRace	F	24	208,176,73	80	191,166,83	191,166,83	0
01035FD9	03035FD9	MarauderMageMale4A	Marauder Battlemage	HighElfRace	M	1	213,180,78	80	195,169,87	195,169,87	0
01035FD6	03035FD6	MarauderMageMale3A	Marauder Battlemage	HighElfRace	M	1	213,180,78	80	195,169,87	195,169,87	0
01035FD5	03035FD5	MarauderMissileMale2	Marauder Archer	ImperialRace	M	1	187,117,75	80	175,119,85	175,119,85	0
01035FD4	03035FD4	MarauderMissileMale3B	Marauder Archer	ArgonianRace	M	38	101,56,33	80	106,70,51	106,70,51	0
01035FD3	03035FD3	MarauderMissileFemale4A	Marauder Archer	ImperialRace	F	13	182,112,70	80	171,115,81	171,115,81	0
01035FD2	03035FD2	MarauderMissileFemale3A	Marauder Archer	ArgonianRace	F	16	81,64,40	80	90,76,57	90,76,57	0
0103DC64	0303DC64	MarauderMeleeFemale3A	Marauder	OrcRace	F	13	100,108,44	80	105,111,60	105,111,60	0
0103DC63	0303DC63	MarauderMeleeFemale4A	Marauder	OrcRace	F	13	100,108,44	80	105,111,60	105,111,60	0
0103DC62	0303DC62	MarauderMeleeFemale2	Marauder	NordRace	F	24	230,155,134	80	209,149,132	209,149,132	0
0103DC61	0303DC61	MarauderMeleeFemale3B	Marauder	NordRace	F	24	230,155,134	80	209,149,132	209,149,132	0
0103DC60	0303DC60	MarauderMeleeMale3A	Marauder	OrcRace	M	1	103,111,45	80	107,114,61	107,114,61	0
0103DC5F	0303DC5F	MarauderMeleeMale4A	Marauder	OrcRace	M	1	103,111,45	80	107,114,61	107,114,61	0
0103DC5E	0303DC5E	MarauderMeleeMale2	Marauder	NordRace	M	1	235,159,140	80	213,152,137	213,152,137	0
0103DC5D	0303DC5D	MarauderMeleeMale3B	Marauder	NordRace	M	1	235,159,140	80	213,152,137	213,152,137	0
0103DC58	0303DC58	BanditWizardFemale4A	Bandit Hedge Wizard	BretonRace	F	16	220,156,109	80	201,150,112	201,150,112	0
0103DC57	0303DC57	BanditWizardFemale3A	Bandit Hedge Wizard	BretonRace	F	16	220,156,109	80	201,150,112	201,150,112	0
0103DC56	0303DC56	BanditWizardMale2	Bandit Hedge Wizard	BretonRace	M	2	225,161,115	80	205,154,117	205,154,117	0
0103DC55	0303DC55	BanditWizardMale3B	Bandit Hedge Wizard	BretonRace	M	2	225,161,115	80	205,154,117	205,154,117	0
0103DC48	0303DC48	BanditMissileMale4A	Bandit Bowman	DarkElfRace	M	1	89,88,83	80	96,95,91	96,95,91	0
0103DC47	0303DC47	BanditMissileMale2	Bandit Bowman	WoodElfRace	M	1	199,135,102	80	184,133,107	184,133,107	0
0103DC46	0303DC46	BanditMissileMale3B	Bandit Bowman	WoodElfRace	M	1	199,135,102	80	184,133,107	184,133,107	0
0103DC45	0303DC45	BanditMissileFemale3A	Bandit Bowman	DarkElfRace	F	24	84,84,78	80	92,92,87	92,92,87	0
0103DC44	0303DC44	BanditMissileFemale3B	Bandit Bowman	DarkElfRace	F	24	84,84,78	80	92,92,87	92,92,87	0
0103DC43	0303DC43	BanditMissileFemale2	Bandit Bowman	WoodElfRace	F	24	194,131,97	80	180,130,103	180,130,103	0
0103DC42	0303DC42	BanditMissileFemale4A	Bandit Bowman	WoodElfRace	F	24	194,131,97	80	180,130,103	180,130,103	0
0103DC29	0303DC29	BanditBossFemale3	Bandit Ringleader	DarkElfRace	F	24	84,84,78	80	92,92,87	92,92,87	0
0103DC28	0303DC28	BanditBossFemale2	Bandit Ringleader	DarkElfRace	F	24	84,84,78	80	92,92,87	92,92,87	0
0103DC27	0303DC27	BanditBossFemale1	Bandit Ringleader	RedguardRace	F	23	114,52,24	80	116,67,44	116,67,44	0
0103DC26	0303DC26	BanditBossMale3	Bandit Ringleader	DarkElfRace	M	1	89,88,83	80	96,95,91	96,95,91	0
0103DC25	0303DC25	BanditBossMale2	Bandit Ringleader	RedguardRace	M	1	119,56,30	80	120,70,49	120,70,49	0
0103DC24	0303DC24	BanditBossMale1TEMPLATE	Bandit Ringleader	RedguardRace	M	1	119,56,30	80	120,70,49	120,70,49	0
0103DC23	0303DC23	BanditMissileMale3A	Bandit Bowman	DarkElfRace	M	1	89,88,83	80	96,95,91	96,95,91	0
0103DB99	0303DB99	TestVampireFoodNPC	Vamp Chow	ImperialRace	M	1	187,117,75	80	175,119,85	175,119,85	0
0103DB35	0303DB35	BanditMeleeFemale3B	Bandit	RedguardRace	F	23	114,52,24	80	116,67,44	116,67,44	0
0103DB34	0303DB34	BanditMeleeFemale3A	Bandit	RedguardRace	F	23	114,52,24	80	116,67,44	116,67,44	0
0103DB33	0303DB33	BanditMeleeFemale2	Bandit	KhajiitRace	F	4	184,131,76	80	172,130,86	172,130,86	0
0103DB31	0303DB31	BanditMeleeFemale4A	Bandit	KhajiitRace	F	4	184,131,76	80	172,130,86	172,130,86	0
0103DB2F	0303DB2F	BanditMeleeMale3A	Bandit	RedguardRace	M	1	119,56,30	80	120,70,49	120,70,49	0
0103DB2D	0303DB2D	BanditMeleeMale3B	Bandit	RedguardRace	M	1	119,56,30	80	120,70,49	120,70,49	0
0103DB2B	0303DB2B	BanditMeleeMale2	Bandit	KhajiitRace	M	1	189,124,58	80	176,124,71	176,124,71	0
0103DB27	0303DB27	BanditMeleeMale4A	Bandit	KhajiitRace	M	1	189,124,58	80	176,124,71	176,124,71	0
0103B3DC	0303B3DC	MQ13DremoraLord	Dremora Lord	DremoraRace	M	1	59,58,55	80	72,71,69	72,71,69	0
0103B3D4	0303B3D4	MaelonaGuard	Maelona	RedguardRace	F	23	114,52,24	80	116,67,44	116,67,44	0
0103B3D3	0303B3D3	GoganGuard	Gogan	RedguardRace	M	1	119,56,30	80	120,70,49	120,70,49	0
0103B302	0303B302	BCDeadGuy01	Blackwood Company Member	ImperialRace	M	1	187,117,75	80	175,119,85	175,119,85	0
0103AF03	0303AF03	Gogan	Gogan	RedguardRace	M	1	119,56,30	80	120,70,49	120,70,49	0
0103ABB5	0303ABB5	MQ13DremoraLeveledGate3	Dremora Captain	DremoraRace	M	1	59,58,55	80	72,71,69	72,71,69	0
0103ABB4	0303ABB4	MQ13DremoraLeveledGate1	Dremora Captain	DremoraRace	M	1	59,58,55	80	72,71,69	72,71,69	0
0103ABAD	0303ABAD	MQ13DremoraLeveledGate2	Dremora Captain	DremoraRace	M	1	59,58,55	80	72,71,69	72,71,69	0
0103AB7C	0303AB7C	TestSummonBuff	Uses Summon	RedguardRace	F	23	114,52,24	80	116,67,44	116,67,44	0
0103AB7A	0303AB7A	TestFortBuff	Uses Fortify	HighElfRace	M	1	213,180,78	80	195,169,87	195,169,87	0
0103AB78	0303AB78	TestBoundBuff	Uses Bound	DarkElfRace	F	24	84,84,78	80	92,92,87	92,92,87	0
0103AB51	0303AB51	Foroch	Foroch	WoodElfRace	M	1	199,135,102	80	184,133,107	184,133,107	0
0103AB4E	0303AB4E	DavelaHlaren	Davela Hlaren	DarkElfRace	F	24	84,84,78	80	92,92,87	92,92,87	0
0103AA91	0303AA91	MS13FallenKnightD	Fallen Knight of the Thorn	DarkElfRace	M	1	89,88,83	80	96,95,91	96,95,91	0
0103AA8F	0303AA8F	MS13FallenKnightC	Fallen Knight of the Thorn	BretonRace	M	2	225,161,115	80	205,154,117	205,154,117	0
0103AA8D	0303AA8D	MS13FallenKnightB	Fallen Knight of the Thorn	BretonRace	M	2	225,161,115	80	205,154,117	205,154,117	0
0103AA8B	0303AA8B	MS13FallenKnightA	Fallen Knight of the Thorn	ImperialRace	M	1	187,117,75	80	175,119,85	175,119,85	0
0103AA89	0303AA89	FaustinaCartia	Faustina Cartia	ImperialRace	F	13	182,112,70	80	171,115,81	171,115,81	0
0103AA85	0303AA85	SignyHomeWrecker	Signy Home-Wrecker	NordRace	F	24	230,155,134	80	209,149,132	209,149,132	0
0103AA83	0303AA83	Tsarrina	Tsarrina	KhajiitRace	F	4	184,131,76	80	172,130,86	172,130,86	0
0103A8E6	0303A8E6	TestKenManArgonian	Ken's Tester Argonian for Christiane	ArgonianRace	M	38	101,56,33	80	106,70,51	106,70,51	0
0103A8E5	0303A8E5	TestKenManKhajiit	Ken's Tester Khajiit for Christiane	KhajiitRace	M	1	189,124,58	80	176,124,71	176,124,71	0
0103A8E4	0303A8E4	TestKenManOrc	Ken's Tester Orc for Christiane	OrcRace	M	1	103,111,45	80	107,114,61	107,114,61	0
01038EDD	03038EDD	LordLovidicus	Lord Lovidicus	ImperialRace	M	1	187,117,75	80	175,119,85	175,119,85	0
01038A62	03038A62	MQ16ImperialArcher01	Imperial Legion Archer	ImperialRace	M	1	187,117,75	80	175,119,85	175,119,85	0
01038A61	03038A61	MQ16ImperialSoldier01	Imperial Legion Soldier	ImperialRace	M	1	187,117,75	80	175,119,85	175,119,85	0
010389BD	030389BD	Pranal	Pranal	RedguardRace	M	1	119,56,30	80	120,70,49	120,70,49	0
010389B8	030389B8	Abhuki	Abhuki	KhajiitRace	F	4	184,131,76	80	172,130,86	172,130,86	0
01038331	03038331	testDremoraMaleAClad	GenghisClad	DremoraRace	M	1	59,58,55	80	72,71,69	72,71,69	0
0103832F	0303832F	testDremoraMaleA	Genghis	DremoraRace	M	1	59,58,55	80	72,71,69	72,71,69	0
01037FF8	03037FF8	AgronakGroMalog	Agronak gro-Malog	OrcRace	M	1	103,111,45	80	107,114,61	107,114,61	0
01037F74	03037F74	MS11BrumaInvestigatorGuard02	Bruma Investigator Guard	ImperialRace	M	1	187,117,75	80	175,119,85	175,119,85	0
01037F73	03037F73	CariusRunellius	Carius Runellius	ImperialRace	M	1	187,117,75	80	175,119,85	175,119,85	0
01037E8D	03037E8D	GiovanniCivello	Giovanni Civello	ImperialRace	M	1	187,117,75	80	175,119,85	175,119,85	0
01037CDD	03037CDD	YsabelAndronicus	Ysabel Andronicus	ImperialRace	F	13	182,112,70	80	171,115,81	171,115,81	0
01037C33	03037C33	BugakgroBol	Bugak gro-Bol	OrcRace	M	1	103,111,45	80	107,114,61	107,114,61	0
01037576	03037576	Jena	Jena	ImperialRace	F	13	182,112,70	80	171,115,81	171,115,81	0
01037575	03037575	Caroline	Caroline	BretonRace	F	16	220,156,109	80	201,150,112	201,150,112	0
01037574	03037574	Cyrus	Cyrus	RedguardRace	M	1	119,56,30	80	120,70,49	120,70,49	0
01037573	03037573	Roliand	Roliand	NordRace	M	1	235,159,140	80	213,152,137	213,152,137	0
01037572	03037572	Belisarius	Belisarius	ImperialRace	M	1	187,117,75	80	175,119,85	175,119,85	0
0101E831	0301E831	TG03ChapelTombGuard	Chapel Guard	HighElfRace	F	24	208,176,73	80	191,166,83	191,166,83	0
0101E4EB	0301E4EB	TestVendorNPC	Test Vendor NPC	ImperialRace	M	1	187,117,75	80	175,119,85	175,119,85	0
01001734	03001734	BWCWatersEdge1	Blackwood Company Guard	ImperialRace	M	1	187,117,75	80	175,119,85	175,119,85	0
01045F7F	03045F7F	DarkPrisonGuard03	Imperial Prison Guard	OrcRace	M	1	103,111,45	80	107,114,61	107,114,61	0
01045F7E	03045F7E	DarkPrisonGuardTaunt	Imperial Prison Guard	ImperialRace	M	1	187,117,75	80	175,119,85	175,119,85	0
0103FD72	0303FD72	BWCGuard2	Blackwood Company Guard	ArgonianRace	M	38	101,56,33	80	106,70,51	106,70,51	0
0103FD71	0303FD71	BWCGuard1	Blackwood Company Guard	ImperialRace	M	1	187,117,75	80	175,119,85	175,119,85	0
010366E9	030366E9	MG17Necromancer01a	Necromancer	ImperialRace	M	1	187,117,75	80	175,119,85	175,119,85	0
010364B9	030364B9	MQ09UndeadBlade01	Ghost of Rielus	ImperialRace	M	1	187,117,75	80	175,119,85	175,119,85	0
010364B8	030364B8	MQ09UndeadBlade02	Ghost of Casnar	RedguardRace	M	1	119,56,30	80	120,70,49	120,70,49	0
010364B7	030364B7	MQ09UndeadBlade03	Ghost of Valdemar	NordRace	M	1	235,159,140	80	213,152,137	213,152,137	0
01035C83	03035C83	CarmaloTruiand	Carmalo Truiand	ImperialRace	M	1	187,117,75	80	175,119,85	175,119,85	0
010355F8	030355F8	Celedaen	Celedaen	HighElfRace	M	1	213,180,78	80	195,169,87	195,169,87	0
010347B2	030347B2	GranthamBlakeley	Grantham Blakeley	BretonRace	M	2	225,161,115	80	205,154,117	205,154,117	0
010347B1	030347B1	ForlornWatchmanPre	The Forlorn Watchman	BretonRace	M	2	225,161,115	80	205,154,117	205,154,117	0
01034597	03034597	EduardDenile	Eduard Denile	BretonRace	M	2	225,161,115	80	205,154,117	205,154,117	0
010342C3	030342C3	TestDremora	derek	ArgonianRace	M	38	101,56,33	80	106,70,51	106,70,51	0
01033E8E	03033E8E	MQ04MythicDawnAgent06	Mythic Dawn Agent	BretonRace	M	2	225,161,115	80	205,154,117	205,154,117	0
01033CD8	03033CD8	MQ09UndeadBlade04	Ghost of Alain	BretonRace	M	2	225,161,115	80	205,154,117	205,154,117	0
010336F6	030336F6	WormAnchorite	Worm Anchorite	ImperialRace	M	1	187,117,75	80	175,119,85	175,119,85	0
010335B1	030335B1	JharedStrongblade	Jhared Strongblade	BretonRace	M	2	225,161,115	80	205,154,117	205,154,117	0
01031E96	03031E96	OrmelliusGoldwine	Ormellius Goldwine	ImperialRace	M	1	187,117,75	80	175,119,85	175,119,85	0
01031C31	03031C31	MS13CheydinhalGuardB	Cheydinhal Gate Guard	ImperialRace	M	1	187,117,75	80	175,119,85	175,119,85	0
01031C23	03031C23	GarrusDarelliun	Garrus Darelliun	ImperialRace	M	1	187,117,75	80	175,119,85	175,119,85	0
01031BC7	03031BC7	BremmanSenyan	Bremman Senyan	ImperialRace	M	1	187,117,75	80	175,119,85	175,119,85	0
01031BC5	03031BC5	FarwilIndarys	Farwil Indarys	DarkElfRace	M	1	89,88,83	80	96,95,91	96,95,91	0
01022D4B	03022D4B	TestScreenshotWoman	TestScreenshotWoman	NordRace	F	24	230,155,134	80	209,149,132	209,149,132	0
0101E70C	0301E70C	HjolfroditheHarrier	Hjolfrodi the Harrier	NordRace	F	24	230,155,134	80	209,149,132	209,149,132	0
0101E6FF	0301E6FF	CGMythicDawnAssassinFinal	Assassin	HighElfRace	M	1	213,180,78	80	195,169,87	195,169,87	0
0101D0EE	0301D0EE	CGMythicDawnAssassinAmbushC	Assassin	ImperialRace	M	1	187,117,75	80	175,119,85	175,119,85	0
0101D0AC	0301D0AC	MS29AgarmirThug	Rolgarel	NordRace	M	1	235,159,140	80	213,152,137	213,152,137	0
0101CEAD	0301CEAD	DANamiraForgotten4	Forgotten One	RedguardRace	M	1	119,56,30	80	120,70,49	120,70,49	0
0101CEAC	0301CEAC	DANamiraForgotten3	Forgotten One	NordRace	M	1	235,159,140	80	213,152,137	213,152,137	0
0101CEAB	0301CEAB	DANamiraForgotten2	Forgotten One	ImperialRace	M	1	187,117,75	80	175,119,85	175,119,85	0
0101CEAA	0301CEAA	DANamiraPriest4	Priest of Arkay	ImperialRace	M	1	187,117,75	80	175,119,85	175,119,85	0
0101CEA9	0301CEA9	DANamiraPriest3	Priest of Arkay	RedguardRace	M	1	119,56,30	80	120,70,49	120,70,49	0
0101CEA8	0301CEA8	DANamiraPriest2	Priest of Arkay	BretonRace	M	2	225,161,115	80	205,154,117	205,154,117	0
0101CEA1	0301CEA1	DANamiraForgotten1	Forgotten One	HighElfRace	M	1	213,180,78	80	195,169,87	195,169,87	0
0101CE9F	0301CE9F	DANamiraPriest1	Priest of Arkay	ArgonianRace	M	38	101,56,33	80	106,70,51	106,70,51	0
0101C16D	0301C16D	Termanwe	Termanwe	HighElfRace	F	24	208,176,73	80	191,166,83	191,166,83	0
0101C16A	0301C16A	VlarimilOrius	Vlarimil Orius	ImperialRace	M	1	187,117,75	80	175,119,85	175,119,85	0
0101C168	0301C168	JarasInvel	Jaras Invel	ImperialRace	M	1	187,117,75	80	175,119,85	175,119,85	0
0101C166	0301C166	BrittaInvel	Britta Invel	ImperialRace	F	13	182,112,70	80	171,115,81	171,115,81	0
0101C164	0301C164	LeyawiinGuardCastleSanguine	Leyawiin Guard	ImperialRace	M	1	187,117,75	80	175,119,85	175,119,85	0
0101C150	0301C150	Engorm	Engorm	WoodElfRace	M	1	199,135,102	80	184,133,107	184,133,107	0
0101C13D	0301C13D	Rijirr	Ri'Jirr	KhajiitRace	M	1	189,124,58	80	176,124,71	176,124,71	0
010176DB	030176DB	CGMythicDawnAssassinGeneric	Assassin	ImperialRace	M	1	187,117,75	80	175,119,85	175,119,85	0
01017623	03017623	CGMythicDawnAssassinArcher	Assassin	ImperialRace	M	1	187,117,75	80	175,119,85	175,119,85	0
01017620	03017620	CGMythicDawnAssassin06	Assassin	ImperialRace	M	1	187,117,75	80	175,119,85	175,119,85	0
01017619	03017619	CGMythicDawnAssassin04	Assassin	ImperialRace	M	1	187,117,75	80	175,119,85	175,119,85	0
01017618	03017618	CGMythicDawnAssassin05	Assassin	ImperialRace	M	1	187,117,75	80	175,119,85	175,119,85	0
01017617	03017617	CGMythicDawnAssassin03	Assassin	ImperialRace	M	1	187,117,75	80	175,119,85	175,119,85	0
01014A28	03014A28	CGMythicDawnAssassin02	Assassin	ImperialRace	M	1	187,117,75	80	175,119,85	175,119,85	0
01014A27	03014A27	CGMythicDawnAssassin01	Assassin	ImperialRace	M	1	187,117,75	80	175,119,85	175,119,85	0
01032AFB	03032AFB	ICTempleGuardPostNight03	Imperial Watch	ImperialRace	M	1	187,117,75	80	175,119,85	175,119,85	0
01032AFA	03032AFA	ICTempleGuardPostNight02	Imperial Watch	ImperialRace	M	1	187,117,75	80	175,119,85	175,119,85	0
01032AF9	03032AF9	ICTempleGuardPostNight01	Imperial Watch	ImperialRace	M	1	187,117,75	80	175,119,85	175,119,85	0
01032AF8	03032AF8	ICTempleGuardPostDay03	Imperial Watch	ImperialRace	M	1	187,117,75	80	175,119,85	175,119,85	0
01032AF7	03032AF7	ICTempleGuardPostDay02	Imperial Watch	ImperialRace	M	1	187,117,75	80	175,119,85	175,119,85	0
01032AF6	03032AF6	ICTempleGuardPostDay01	Imperial Watch	ImperialRace	M	1	187,117,75	80	175,119,85	175,119,85	0
01032AF5	03032AF5	ICTempleGuardPostNight05	Imperial Watch	ImperialRace	M	1	187,117,75	80	175,119,85	175,119,85	0
01032AF3	03032AF3	ICTempleGuardPostNight04	Imperial Watch	ImperialRace	M	1	187,117,75	80	175,119,85	175,119,85	0
01032AF2	03032AF2	ICTempleGuardPatrolNight02	Imperial Watch	ImperialRace	M	1	187,117,75	80	175,119,85	175,119,85	0
01032AF1	03032AF1	ICTempleGuardPatrolNight01	Imperial Watch	ImperialRace	M	1	187,117,75	80	175,119,85	175,119,85	0
01032AF0	03032AF0	ICTempleGuardPostDay05	Imperial Watch	ImperialRace	M	1	187,117,75	80	175,119,85	175,119,85	0
01032AEE	03032AEE	ICTempleGuardPostDay04	Imperial Watch	ImperialRace	M	1	187,117,75	80	175,119,85	175,119,85	0
01032AED	03032AED	ICTempleGuardPatrolDay02	Imperial Watch	ImperialRace	M	1	187,117,75	80	175,119,85	175,119,85	0
01032AEC	03032AEC	ICTempleGuardPatrolDay01	Imperial Watch	ImperialRace	M	1	187,117,75	80	175,119,85	175,119,85	0
010277A5	030277A5	MQ13BrumaSoldier	Bruma Soldier	ImperialRace	M	1	187,117,75	80	175,119,85	175,119,85	0
01027327	03027327	MQ13BrumaMilitiaFemale	Bruma Militia	ImperialRace	F	13	182,112,70	80	171,115,81	171,115,81	0
010272C5	030272C5	MQ13BrumaMilitiaMale	Bruma Militia	ImperialRace	M	1	187,117,75	80	175,119,85	175,119,85	0
010270F6	030270F6	MQ11ChorrolSoldier01	Chorrol Soldier	ImperialRace	M	1	187,117,75	80	175,119,85	175,119,85	0
01027066	03027066	TestMage	Arkana	ImperialRace	M	1	187,117,75	80	175,119,85	175,119,85	0
01027065	03027065	TestBattleMage	Shows-His-Arrow-Quickly	ImperialRace	M	1	187,117,75	80	175,119,85	175,119,85	0
01027064	03027064	TestHawkeye	Hawkeye	WoodElfRace	M	1	199,135,102	80	184,133,107	184,133,107	0
01027060	03027060	MQ06MythicDawnCook	Mythic Dawn Acolyte	ImperialRace	M	1	187,117,75	80	175,119,85	175,119,85	0
01027048	03027048	MQ06MythicDawnAnteGuardM03	Mythic Dawn Guard	DarkElfRace	M	1	89,88,83	80	96,95,91	96,95,91	0
01027047	03027047	MQ06MythicDawnAnteGuardM01	Mythic Dawn Guard	ImperialRace	M	1	187,117,75	80	175,119,85	175,119,85	0
01026FC9	03026FC9	MQ06MythicDawnStoreroomGuard	Mythic Dawn Storeroom Guard	ImperialRace	M	1	187,117,75	80	175,119,85	175,119,85	0
01026F96	03026F96	TorbaltheSufficient	Torbal the Sufficient	NordRace	M	1	235,159,140	80	213,152,137	213,152,137	0
01026F25	03026F25	MQ11SkingradSoldier01	Skingrad Soldier	ImperialRace	M	1	187,117,75	80	175,119,85	175,119,85	0
01026F20	03026F20	MQ11LeyawiinSoldier01	Leyawiin Soldier	ImperialRace	M	1	187,117,75	80	175,119,85	175,119,85	0
01026F18	03026F18	MQ11KvatchSoldier01	Kvatch Soldier	ImperialRace	M	1	187,117,75	80	175,119,85	175,119,85	0
01026F0D	03026F0D	MQ11CheydinhalSoldier01	Cheydinhal Soldier	ImperialRace	F	13	182,112,70	80	171,115,81	171,115,81	0
01026EB4	03026EB4	MQ11AnvilSoldier01	Anvil Soldier	ImperialRace	M	1	187,117,75	80	175,119,85	175,119,85	0
01026EB3	03026EB3	MQ10BrumaGuard01	Bruma Guard	ImperialRace	M	1	187,117,75	80	175,119,85	175,119,85	0
01026D9A	03026D9A	AudensAvidius	Audens Avidius	ImperialRace	M	1	187,117,75	80	175,119,85	175,119,85	0
01026D99	03026D99	ServatiusQuintilius	Servatius Quintilius	ImperialRace	M	1	187,117,75	80	175,119,85	175,119,85	0
01026D98	03026D98	ItiusHayn	Itius Hayn	ImperialRace	M	1	187,117,75	80	175,119,85	175,119,85	0
01026B7B	03026B7B	AymarDouar	Aymar Douar	DarkElfRace	M	1	89,88,83	80	96,95,91	96,95,91	0
01026B53	03026B53	Haekwon	Haekwon	RedguardRace	M	1	119,56,30	80	120,70,49	120,70,49	0
01026B4F	03026B4F	IsabeauBienne	Isabeau Bienne	BretonRace	F	16	220,156,109	80	201,150,112	201,150,112	0
01026B4E	03026B4E	Yushi	Yushi	KhajiitRace	F	4	184,131,76	80	172,130,86	172,130,86	0
01026B4D	03026B4D	OlynSeran	Olyn Seran	DarkElfRace	M	1	89,88,83	80	96,95,91	96,95,91	0
01026B4C	03026B4C	Amir	Amir	RedguardRace	M	1	119,56,30	80	120,70,49	120,70,49	0
01026B46	03026B46	MelusPetilius	Melus Petilius	ImperialRace	M	1	187,117,75	80	175,119,85	175,119,85	0
01026B38	03026B38	GulGroBurbog	Gul gro-Burbog	OrcRace	M	1	103,111,45	80	107,114,61	107,114,61	0
01026B37	03026B37	Maraska	Ma'Raska	KhajiitRace	M	1	189,124,58	80	176,124,71	176,124,71	0
01026B36	03026B36	Anedhel	Anedhel	WoodElfRace	F	24	194,131,97	80	180,130,103	180,130,103	0
01026B2C	03026B2C	Shafaye	Shafaye	RedguardRace	F	23	114,52,24	80	116,67,44	116,67,44	0
01026B1B	03026B1B	Umbra	Umbra	WoodElfRace	F	24	194,131,97	80	180,130,103	180,130,103	0
01026B14	03026B14	IrroketheWide	Irroke the Wide	NordRace	M	1	235,159,140	80	213,152,137	213,152,137	0
01026AEF	03026AEF	Zabhila	Zabhila	KhajiitRace	F	4	184,131,76	80	172,130,86	172,130,86	0
01026AED	03026AED	Ribassa	Ri'Bassa	KhajiitRace	M	1	189,124,58	80	176,124,71	176,124,71	0
01026ADC	03026ADC	GregoryArne	Gregory Arne	BretonRace	M	2	225,161,115	80	205,154,117	205,154,117	0
01026ADB	03026ADB	Angalsama	Angalsama	HighElfRace	F	24	208,176,73	80	191,166,83	191,166,83	0
01026ADA	03026ADA	Beewos	Beewos	ArgonianRace	F	16	81,64,40	80	90,76,57	90,76,57	0
01026AD9	03026AD9	Ortis	Ortis	NordRace	M	1	235,159,140	80	213,152,137	213,152,137	0
01026AD6	03026AD6	FerulRavel	Ferul Ravel	DarkElfRace	M	1	89,88,83	80	96,95,91	96,95,91	0
01026ACC	03026ACC	MorGraGamorn	Mor gra-Gamorn	OrcRace	F	13	100,108,44	80	105,111,60	105,111,60	0
01024E0A	03024E0A	Jeelius	Jeelius	ArgonianRace	M	38	101,56,33	80	106,70,51	106,70,51	0
01022EF6	03022EF6	MQ05MythicDawnGuard02	Mythic Dawn Guard	NordRace	M	1	235,159,140	80	213,152,137	213,152,137	0
01022EF5	03022EF5	MQ05MythicDawnGuard01	Mythic Dawn Guard	ImperialRace	M	1	187,117,75	80	175,119,85	175,119,85	0
01022E3D	03022E3D	MQ06MythicDawnAcolyte03	Mythic Dawn Acolyte	ImperialRace	M	1	187,117,75	80	175,119,85	175,119,85	0
01022E3C	03022E3C	MQ06MythicDawnAcolyte04	Mythic Dawn Acolyte	ImperialRace	F	13	182,112,70	80	171,115,81	171,115,81	0
01022E3B	03022E3B	MQ06MythicDawnAcolyte02	Mythic Dawn Acolyte	ImperialRace	F	13	182,112,70	80	171,115,81	171,115,81	0
01022E37	03022E37	MQ06MythicDawnAcolyte01	Mythic Dawn Acolyte	ImperialRace	M	1	187,117,75	80	175,119,85	175,119,85	0
01022C85	03022C85	MQ06MythicDawnGuardRandomFemale	Mythic Dawn Guard	ImperialRace	F	13	182,112,70	80	171,115,81	171,115,81	0
01022C84	03022C84	MQ06MythicDawnAcolyteRandomFemale	Mythic Dawn Acolyte	ImperialRace	F	13	182,112,70	80	171,115,81	171,115,81	0
01022C83	03022C83	MQ06MythicDawnAcolyteRandomMale	Mythic Dawn Acolyte	ImperialRace	M	1	187,117,75	80	175,119,85	175,119,85	0
01022C82	03022C82	MQ06MythicDawnGuardRandomMale	Mythic Dawn Guard	ImperialRace	M	1	187,117,75	80	175,119,85	175,119,85	0
01022BBD	03022BBD	LurioMaenius	Lurio Maenius	ImperialRace	M	1	187,117,75	80	175,119,85	175,119,85	0
010221C3	030221C3	Jmhad	J'mhad	KhajiitRace	M	1	189,124,58	80	176,124,71	176,124,71	0
01020078	03020078	Steffan	Captain Steffan	ImperialRace	M	1	187,117,75	80	175,119,85	175,119,85	0
0101FEEF	0301FEEF	MS08OrcHunter	Kurdan's Orc Hunter	OrcRace	M	1	103,111,45	80	107,114,61	107,114,61	0
0101FEEC	0301FEEC	MS08NordHunter	Kurdan's Nord Hunter	NordRace	M	1	235,159,140	80	213,152,137	213,152,137	0
0101FEEA	0301FEEA	MS08ImperialHunter	Kurdan's Imperial Hunter	ImperialRace	M	1	187,117,75	80	175,119,85	175,119,85	0
0101FDD5	0301FDD5	Areldil	Areldil	HighElfRace	M	1	213,180,78	80	195,169,87	195,169,87	0
0101FDD4	0301FDD4	GemellusAxius	Gemellus Axius	ImperialRace	M	1	187,117,75	80	175,119,85	175,119,85	0
0101FDD3	0301FDD3	Dorian	Dorian	RedguardRace	M	1	119,56,30	80	120,70,49	120,70,49	0
0101FDD2	0301FDD2	Srathad	S'rathad	KhajiitRace	M	1	189,124,58	80	176,124,71	176,124,71	0
0101FDD1	0301FDD1	AstiniaAtius	Astinia Atius	ImperialRace	F	13	182,112,70	80	171,115,81	171,115,81	0
0101FDD0	0301FDD0	Elragail	Elragail	WoodElfRace	F	24	194,131,97	80	180,130,103	180,130,103	0
0101FDCF	0301FDCF	ErnestManis	Ernest Manis	BretonRace	M	2	225,161,115	80	205,154,117	205,154,117	0
0101FDCE	0301FDCE	Hassiri	Hassiri	KhajiitRace	M	1	189,124,58	80	176,124,71	176,124,71	0
0101FDCD	0301FDCD	Urjabhi	Urjabhi	KhajiitRace	M	1	189,124,58	80	176,124,71	176,124,71	0
0101FDCC	0301FDCC	Rajiradh	Ra'jiradh	KhajiitRace	M	1	189,124,58	80	176,124,71	176,124,71	0
0101FDCB	0301FDCB	Thamriel	Thamriel	WoodElfRace	F	24	194,131,97	80	180,130,103	180,130,103	0
0101FC57	0301FC57	DynariAmnis	Dynari Amnis	ImperialRace	F	13	182,112,70	80	171,115,81	171,115,81	0
0101FC56	0301FC56	DraloraAthram	Dralora Athram	DarkElfRace	F	24	84,84,78	80	92,92,87	92,92,87	0
0101FC55	0301FC55	UlenAthram	Ulen Athram	DarkElfRace	M	1	89,88,83	80	96,95,91	96,95,91	0
0101FC54	0301FC54	Agarmir	Agarmir	NordRace	M	1	235,159,140	80	213,152,137	213,152,137	0
0101FC53	0301FC53	RochelleBantien	Rochelle Bantien	BretonRace	F	16	220,156,109	80	201,150,112	201,150,112	0
0101FC52	0301FC52	SamuelBantien	Samuel Bantien	BretonRace	M	2	225,161,115	80	205,154,117	205,154,117	0
0101FC51	0301FC51	Angelie	Angelie	RedguardRace	F	23	114,52,24	80	116,67,44	116,67,44	0
0101FC50	0301FC50	HelvoAtius	Helvo Atius	ImperialRace	M	1	187,117,75	80	175,119,85	175,119,85	0
0101FC4F	0301FC4F	SevariusAtius	Severius Atius	ImperialRace	M	1	187,117,75	80	175,119,85	175,119,85	0
0101FB57	0301FB57	Carwen	Carwen	WoodElfRace	F	24	194,131,97	80	180,130,103	180,130,103	0
0101FB56	0301FB56	Adanrel	Adanrel	WoodElfRace	F	24	194,131,97	80	180,130,103	180,130,103	0
0101FB55	0301FB55	UzulGroGrulam	Uzul gro-Grulam	OrcRace	M	1	103,111,45	80	107,114,61	107,114,61	0
0101F428	0301F428	KurdangroDragol	Kurdan gro-Dragol	OrcRace	M	1	103,111,45	80	107,114,61	107,114,61	0
0101F1A8	0301F1A8	AdventurerOrcWarrior01	Adventurer	OrcRace	M	1	103,111,45	80	107,114,61	107,114,61	0
0101F14B	0301F14B	MQ06MythicDawnGuard	Mythic Dawn Guard	WoodElfRace	M	1	199,135,102	80	184,133,107	184,133,107	0
0101F106	0301F106	MQ06MythicDawnDoorkeeper	Doorkeeper	ImperialRace	M	1	187,117,75	80	175,119,85	175,119,85	0
0101ECD8	0301ECD8	Ciindil	Ciindil	WoodElfRace	F	24	194,131,97	80	180,130,103	180,130,103	0
0101ECD6	0301ECD6	DredenaHlavel	Dredena Hlavel	DarkElfRace	F	24	84,84,78	80	92,92,87	92,92,87	0
0101ECD2	0301ECD2	Kirsten	Kirsten	NordRace	F	24	230,155,134	80	209,149,132	209,149,132	0
0101ECD1	0301ECD1	UlrikaUlfgar	Ulrika Ulfgar	NordRace	F	24	230,155,134	80	209,149,132	209,149,132	0
0101ECD0	0301ECD0	HrolUlfgar	Hrol Ulfgar	NordRace	M	1	235,159,140	80	213,152,137	213,152,137	0
0101ECCF	0301ECCF	Beirir	Beirir	NordRace	M	1	235,159,140	80	213,152,137	213,152,137	0
0101ECCC	0301ECCC	MalyaniDalvilu	Malyani Dalvilu	DarkElfRace	F	24	84,84,78	80	92,92,87	92,92,87	0
0101ECCB	0301ECCB	SathaDalvilu	Satha Dalvilu	DarkElfRace	F	24	84,84,78	80	92,92,87	92,92,87	0
0101ECCA	0301ECCA	RedasDalvilu	Redas Dalvilu	DarkElfRace	M	1	89,88,83	80	96,95,91	96,95,91	0
0101ECC9	0301ECC9	ArvinDalvilu	Arvin Dalvilu	DarkElfRace	M	1	89,88,83	80	96,95,91	96,95,91	0
0101ECC8	0301ECC8	NivanDalvilu	Nivan Dalvilu	DarkElfRace	M	1	89,88,83	80	96,95,91	96,95,91	0
0101ECB2	0301ECB2	ErTeeusSOUL	Soul of Er-Teeus	ArgonianRace	M	38	101,56,33	80	106,70,51	106,70,51	0
0101ECB1	0301ECB1	ErTeeus	Er-Teeus	ArgonianRace	M	38	101,56,33	80	106,70,51	106,70,51	0
0101ECB0	0301ECB0	MirieSOUL	Soul of Mirie	HighElfRace	F	24	208,176,73	80	191,166,83	191,166,83	0
0101ECAF	0301ECAF	Mirie	Mirie	HighElfRace	F	24	208,176,73	80	191,166,83	191,166,83	0
0101ECAE	0301ECAE	IlvelRomaynSOUL	Soul of Ilvel Romayn	DarkElfRace	M	1	89,88,83	80	96,95,91	96,95,91	0
0101ECAD	0301ECAD	IlvelRomayn	Ilvel Romayn	DarkElfRace	M	1	89,88,83	80	96,95,91	96,95,91	0
0101ECAC	0301ECAC	MarentheSealSOUL	Soul of Maren the Seal	NordRace	F	24	230,155,134	80	209,149,132	209,149,132	0
0101ECAB	0301ECAB	MarentheSeal	Maren the Seal	NordRace	F	24	230,155,134	80	209,149,132	209,149,132	0
0101ECAA	0301ECAA	KewanSOUL	Soul of Kewan	RedguardRace	M	1	119,56,30	80	120,70,49	120,70,49	0
0101ECA9	0301ECA9	Kewan	Kewan	RedguardRace	M	1	119,56,30	80	120,70,49	120,70,49	0
0101EC5D	0301EC5D	Vajhira	Vajhira	KhajiitRace	F	4	184,131,76	80	172,130,86	172,130,86	0
0101EC4C	0301EC4C	BleakMineGuardCaptain2	Bleak Mine Guard	DarkElfRace	M	1	89,88,83	80	96,95,91	96,95,91	0
0101EC4B	0301EC4B	BleakMineGuardCaptain	Bleak Mine Guard Captain	DarkElfRace	M	1	89,88,83	80	96,95,91	96,95,91	0
0101EC4A	0301EC4A	BleakMineGuard	Bleak Mine Guard	DarkElfRace	M	1	89,88,83	80	96,95,91	96,95,91	0
0101EC37	0301EC37	ShobobgroRugdush	Shobob gro-Rugdush	OrcRace	M	1	103,111,45	80	107,114,61	107,114,61	0
0101EC33	0301EC33	LadyDrad	Lady Drad	DarkElfRace	F	24	84,84,78	80	92,92,87	92,92,87	0
0101EC31	0301EC31	LordDrad	Lord Drad	DarkElfRace	M	1	89,88,83	80	96,95,91	96,95,91	0
0101EC12	0301EC12	Arkved	Arkved	HighElfRace	M	1	213,180,78	80	195,169,87	195,169,87	0
0101EC0E	0301EC0E	BasilErnarde	Basil Ernarde	BretonRace	M	2	225,161,115	80	205,154,117	205,154,117	0
0101EC06	0301EC06	DAMeridiaNecromancer5	Necromancer	RedguardRace	F	23	114,52,24	80	116,67,44	116,67,44	0
0101EC05	0301EC05	DAMeridiaNecromancer4	Necromancer	DarkElfRace	F	24	84,84,78	80	92,92,87	92,92,87	0
0101EC04	0301EC04	DAMeridiaNecromancer3	Necromancer	HighElfRace	F	24	208,176,73	80	191,166,83	191,166,83	0
0101EC03	0301EC03	DAMeridiaNecromancer2	Necromancer	ImperialRace	M	1	187,117,75	80	175,119,85	175,119,85	0
0101EC02	0301EC02	DAMeridiaNecromancer1	Necromancer	DarkElfRace	M	1	89,88,83	80	96,95,91	96,95,91	0
0101EBF7	0301EBF7	MelsMaryon	Mels Maryon	DarkElfRace	M	1	89,88,83	80	96,95,91	96,95,91	0
0101EB82	0301EB82	GeemJasaiin	Geem Jasaiin	ArgonianRace	M	38	101,56,33	80	106,70,51	106,70,51	0
0101EB7F	0301EB7F	Wumeek	Wumeek	ArgonianRace	M	38	101,56,33	80	106,70,51	106,70,51	0
0101E796	0301E796	FGD06DeadGuy03	Cargas Laftrius	ImperialRace	F	13	182,112,70	80	171,115,81	171,115,81	0
0101E783	0301E783	FGD06DeadGuy02	Ashtus Chenius	ImperialRace	M	1	187,117,75	80	175,119,85	175,119,85	0
0101E750	0301E750	RaJhan	Ra'Jhan	KhajiitRace	M	1	189,124,58	80	176,124,71	176,124,71	0
0101E5E5	0301E5E5	NecromancerMaleBreton3	Necromancer	BretonRace	M	2	225,161,115	80	205,154,117	205,154,117	0
0101E10E	0301E10E	FGD06DeadGuy01	Cartrus Gavinius	ImperialRace	M	1	187,117,75	80	175,119,85	175,119,85	0
0101DFB3	0301DFB3	LumdumgroGolpok	Lumdum gro-Golpok	OrcRace	M	1	103,111,45	80	107,114,61	107,114,61	0
0101DFB1	0301DFB1	DamianMagius	Damian Magius	BretonRace	M	2	225,161,115	80	205,154,117	205,154,117	0
0101DFB0	0301DFB0	VelanAndus	Velan Andus	ImperialRace	M	1	187,117,75	80	175,119,85	175,119,85	0
0101D356	0301D356	PennusMallius	Pennus Mallius	ImperialRace	M	1	187,117,75	80	175,119,85	175,119,85	0
0101D355	0301D355	PraxedesAfranius	Praxedes Afranius	ImperialRace	F	13	182,112,70	80	171,115,81	171,115,81	0
0101D354	0301D354	AncusAfranius	Ancus Afranius	BretonRace	M	2	225,161,115	80	205,154,117	205,154,117	0
0101D353	0301D353	MaranaRian	Marana Rian	ImperialRace	F	13	182,112,70	80	171,115,81	171,115,81	0
0101D352	0301D352	Hagaer	Hagaer	WoodElfRace	M	1	199,135,102	80	184,133,107	184,133,107	0
0101D351	0301D351	Ruslan	Ruslan	RedguardRace	M	1	119,56,30	80	120,70,49	120,70,49	0
0101D350	0301D350	LuronkgroGlurzog	Luronk gro-Glurzog	OrcRace	M	1	103,111,45	80	107,114,61	107,114,61	0
0101D34E	0301D34E	ReneeGeonette	Renee Geonette	ImperialRace	F	13	182,112,70	80	171,115,81	171,115,81	0
0101D34D	0301D34D	SalomonGeonette	Salomon Geonette	BretonRace	M	2	225,161,115	80	205,154,117	205,154,117	0
0101D34C	0301D34C	CaulaAllectus	Caula Allectus	ImperialRace	F	13	182,112,70	80	171,115,81	171,115,81	0
0101D34B	0301D34B	RolandJenseric	Roland Jenseric	BretonRace	M	2	225,161,115	80	205,154,117	205,154,117	0
0101D34A	0301D34A	Curtis	Curtis	RedguardRace	M	1	119,56,30	80	120,70,49	120,70,49	0
0101D349	0301D349	StantusVarrid	Stantus Varrid	ImperialRace	M	1	187,117,75	80	175,119,85	175,119,85	0
0101D348	0301D348	TrenusDuronius	Trenus Duronius	ImperialRace	M	1	187,117,75	80	175,119,85	175,119,85	0
0101D347	0301D347	IdaOttus	Ida Ottus	ImperialRace	F	13	182,112,70	80	171,115,81	171,115,81	0
0101D346	0301D346	AlessiaOttus	Alessia Ottus	ImperialRace	F	13	182,112,70	80	171,115,81	171,115,81	0
0101D345	0301D345	HastrelOttus	Hastrel Ottus	BretonRace	M	2	225,161,115	80	205,154,117	205,154,117	0
0101D344	0301D344	AlgottheNortherner	Algot the Northerner	NordRace	M	1	235,159,140	80	213,152,137	213,152,137	0
0101D343	0301D343	RalsaNorvalo	Ralsa Norvalo	DarkElfRace	F	24	84,84,78	80	92,92,87	92,92,87	0
0101D340	0301D340	Willet	Willet	RedguardRace	M	1	119,56,30	80	120,70,49	120,70,49	0
0101D252	0301D252	GreyThroat	Grey-Throat	ArgonianRace	M	38	101,56,33	80	106,70,51	106,70,51	0
0101D24E	0301D24E	GilenNorvalo	Gilen Norvalo	DarkElfRace	M	1	89,88,83	80	96,95,91	96,95,91	0
0101CF76	0301CF76	Seridur	Seridur	HighElfRace	M	1	213,180,78	80	195,169,87	195,169,87	0
0101CF33	0301CF33	OntusVanin	Ontus Vanin	ImperialRace	M	1	187,117,75	80	175,119,85	175,119,85	0
0101C494	0301C494	Tolgan	Tolgan	NordRace	M	1	235,159,140	80	213,152,137	213,152,137	0
0101C48D	0301C48D	Mishaxhi	Akaviri Commander Mishaxhi	ImperialRace	M	1	187,117,75	80	175,119,85	175,119,85	0
0101C45B	0301C45B	BeggarICTempleBuntara	Ragbag Buntara	ImperialRace	F	13	182,112,70	80	171,115,81	171,115,81	0
0101C45A	0301C45A	BeggarICTalosPlazaDraninus	No-Coins Draninus	ImperialRace	M	1	187,117,75	80	175,119,85	175,119,85	0
0101C459	0301C459	BeggarICElvenGardensFralav	Fralav the Faker	ImperialRace	M	1	187,117,75	80	175,119,85	175,119,85	0
0101C458	0301C458	BeggarICMarketSimplicia	Simplicia the Slow	ImperialRace	F	13	182,112,70	80	171,115,81	171,115,81	0
0101C457	0301C457	ICWaterfrontGuardNight02	Imperial Watch	ImperialRace	M	1	187,117,75	80	175,119,85	175,119,85	0
0101C456	0301C456	ICWaterfrontGuardDay02	Imperial Watch	ImperialRace	M	1	187,117,75	80	175,119,85	175,119,85	0
0101C455	0301C455	ICWaterfrontGuardNight01	Imperial Watch	ImperialRace	M	1	187,117,75	80	175,119,85	175,119,85	0
0101C34C	0301C34C	ICMarketGuardPostNight03	Imperial Watch	ImperialRace	M	1	187,117,75	80	175,119,85	175,119,85	0
0101C34B	0301C34B	ICMarketGuardPostNight02	Imperial Watch	ImperialRace	M	1	187,117,75	80	175,119,85	175,119,85	0
0101C34A	0301C34A	ICMarketGuardPostDay03	Imperial Watch	ImperialRace	M	1	187,117,75	80	175,119,85	175,119,85	0
0101C349	0301C349	ICMarketGuardPostDay02	Imperial Watch	ImperialRace	M	1	187,117,75	80	175,119,85	175,119,85	0
0101C348	0301C348	ICMarketGuardPostNight01	Imperial Watch	ImperialRace	M	1	187,117,75	80	175,119,85	175,119,85	0
0101C347	0301C347	ICMarketGuardPostDay01	Imperial Watch	ImperialRace	M	1	187,117,75	80	175,119,85	175,119,85	0
0101C343	0301C343	ICMarketGuardPostNight04	Imperial Watch	ImperialRace	M	1	187,117,75	80	175,119,85	175,119,85	0
0101C336	0301C336	ICMarketGuardPostDay04	Imperial Watch	ImperialRace	M	1	187,117,75	80	175,119,85	175,119,85	0
0101C32B	0301C32B	ICMarketGuardPatrolNight01	Imperial Watch	ImperialRace	M	1	187,117,75	80	175,119,85	175,119,85	0
0101C32A	0301C32A	ICMarketGuardPostNight05	Imperial Watch	ImperialRace	M	1	187,117,75	80	175,119,85	175,119,85	0
0101C321	0301C321	ICMarketGuardPatrolDay01	Imperial Watch	ImperialRace	M	1	187,117,75	80	175,119,85	175,119,85	0
0101C31F	0301C31F	ICMarketGuardPostDay05	Imperial Watch	ImperialRace	M	1	187,117,75	80	175,119,85	175,119,85	0
0101634A	0301634A	ICElvenGuardPatrolNight05	Imperial Watch	ImperialRace	M	1	187,117,75	80	175,119,85	175,119,85	0
01016349	03016349	ICElvenGuardPatrolDay05	Imperial Watch	ImperialRace	M	1	187,117,75	80	175,119,85	175,119,85	0
01016348	03016348	ICElvenGuardPatrolNight04	Imperial Watch	ImperialRace	M	1	187,117,75	80	175,119,85	175,119,85	0
01016347	03016347	ICElvenGuardPatrolDay04	Imperial Watch	ImperialRace	M	1	187,117,75	80	175,119,85	175,119,85	0
01016346	03016346	ICElvenGuardPatrolNight03	Imperial Watch	ImperialRace	M	1	187,117,75	80	175,119,85	175,119,85	0
01016345	03016345	ICElvenGuardPatrolDay03	Imperial Watch	ImperialRace	M	1	187,117,75	80	175,119,85	175,119,85	0
01016344	03016344	ICElvenGuardPatrolNight02	Imperial Watch	ImperialRace	M	1	187,117,75	80	175,119,85	175,119,85	0
01016343	03016343	ICElvenGuardPatrolDay02	Imperial Watch	ImperialRace	M	1	187,117,75	80	175,119,85	175,119,85	0
01016342	03016342	ICElvenGuardPatrolNight01	Imperial Watch	ImperialRace	M	1	187,117,75	80	175,119,85	175,119,85	0
01016341	03016341	ICElvenGuardPatrolDay01	Imperial Watch	ImperialRace	M	1	187,117,75	80	175,119,85	175,119,85	0
01016340	03016340	ICElvenGuardPostNight03	Imperial Watch	ImperialRace	M	1	187,117,75	80	175,119,85	175,119,85	0
0101633F	0301633F	ICElvenGuardPostNight02	Imperial Watch	ImperialRace	M	1	187,117,75	80	175,119,85	175,119,85	0
0101633E	0301633E	ICElvenGuardPostNight01	Imperial Watch	ImperialRace	M	1	187,117,75	80	175,119,85	175,119,85	0
0101633D	0301633D	ICElvenGuardPostDay03	Imperial Watch	ImperialRace	M	1	187,117,75	80	175,119,85	175,119,85	0
0101633C	0301633C	ICElvenGuardPostDay02	Imperial Watch	ImperialRace	M	1	187,117,75	80	175,119,85	175,119,85	0
0101633B	0301633B	ICElvenGuardPostDay01	Imperial Watch	ImperialRace	M	1	187,117,75	80	175,119,85	175,119,85	0
01016338	03016338	ICTalosGuardPostNight03	Imperial Watch	ImperialRace	M	1	187,117,75	80	175,119,85	175,119,85	0
01016337	03016337	ICTalosGuardPostNight02	Imperial Watch	ImperialRace	M	1	187,117,75	80	175,119,85	175,119,85	0
01016336	03016336	ICTalosGuardPostNight01	Imperial Watch	ImperialRace	M	1	187,117,75	80	175,119,85	175,119,85	0
01016335	03016335	ICTalosGuardPostDay03	Imperial Watch	ImperialRace	M	1	187,117,75	80	175,119,85	175,119,85	0
01016334	03016334	ICTalosGuardPostDay02	Imperial Watch	ImperialRace	M	1	187,117,75	80	175,119,85	175,119,85	0
01016333	03016333	ICTalosGuardPostDay01	Imperial Watch	ImperialRace	M	1	187,117,75	80	175,119,85	175,119,85	0
01016332	03016332	ICTalosGuardPostNight04	Imperial Watch	ImperialRace	M	1	187,117,75	80	175,119,85	175,119,85	0
01016331	03016331	ICTalosGuardPostNight05	Imperial Watch	ImperialRace	M	1	187,117,75	80	175,119,85	175,119,85	0
01016330	03016330	ICTalosGuardPatrolNight02	Imperial Watch	ImperialRace	M	1	187,117,75	80	175,119,85	175,119,85	0
0101632F	0301632F	ICTalosGuardPatrolNight01	Imperial Watch	ImperialRace	M	1	187,117,75	80	175,119,85	175,119,85	0
0101632E	0301632E	ICTalosGuardPostDay04	Imperial Watch	ImperialRace	M	1	187,117,75	80	175,119,85	175,119,85	0
0101632D	0301632D	ICTalosGuardPostDay05	Imperial Watch	ImperialRace	M	1	187,117,75	80	175,119,85	175,119,85	0
0101632C	0301632C	ICTalosGuardPatrolDay02	Imperial Watch	ImperialRace	M	1	187,117,75	80	175,119,85	175,119,85	0
0101632B	0301632B	ICTalosGuardPatrolDay01	Imperial Watch	ImperialRace	M	1	187,117,75	80	175,119,85	175,119,85	0
0101624C	0301624C	TheranisDeadBody	Theranis	BretonRace	M	2	225,161,115	80	205,154,117	205,154,117	0
0101623A	0301623A	RodericPierrane	Roderic Pierrane	BretonRace	M	2	225,161,115	80	205,154,117	205,154,117	0
01016068	03016068	JenaSintav	Jena Sintav	ImperialRace	F	13	182,112,70	80	171,115,81	171,115,81	0
01016067	03016067	JastiaSintav	Jastia Sintav	ImperialRace	F	13	182,112,70	80	171,115,81	171,115,81	0
01016066	03016066	VontanSintav	Vontan Sintav	ImperialRace	M	1	187,117,75	80	175,119,85	175,119,85	0
01016065	03016065	BeranSintav	Beran Sintav	BretonRace	M	2	225,161,115	80	205,154,117	205,154,117	0
01016064	03016064	KastusSintav	Kastus Sintav	BretonRace	M	2	225,161,115	80	205,154,117	205,154,117	0
01016063	03016063	ElisaPierrane	Elisa Pierrane	BretonRace	F	16	220,156,109	80	201,150,112	201,150,112	0
01016062	03016062	RomanaFaleria	Romana Faleria	ImperialRace	F	13	182,112,70	80	171,115,81	171,115,81	0
01016061	03016061	TertiusFavonius	Tertius Favonius	ImperialRace	M	1	187,117,75	80	175,119,85	175,119,85	0
01016060	03016060	Mandil	Mandil	WoodElfRace	F	24	194,131,97	80	180,130,103	180,130,103	0
0101605F	0301605F	Othrelos	Othrelos	DarkElfRace	M	1	89,88,83	80	96,95,91	96,95,91	0
0101605E	0301605E	MarinusCatiotus	Marinus Catiotus	ImperialRace	M	1	187,117,75	80	175,119,85	175,119,85	0
0101605D	0301605D	IdaVlinorman	Ida Vlinorman	ImperialRace	F	13	182,112,70	80	171,115,81	171,115,81	0
0101605C	0301605C	DovynAren	Dovyn Aren	DarkElfRace	M	1	89,88,83	80	96,95,91	96,95,91	0
0101605B	0301605B	Winson	Winson	RedguardRace	M	1	119,56,30	80	120,70,49	120,70,49	0
0101605A	0301605A	CarmanaSintav	Carmana Sintav	ImperialRace	F	13	182,112,70	80	171,115,81	171,115,81	0
01016059	03016059	CyroninSintav	Cyronin Sintav	ImperialRace	M	1	187,117,75	80	175,119,85	175,119,85	0
01016058	03016058	IreneMetrick	Irene Metrick	BretonRace	F	16	220,156,109	80	201,150,112	201,150,112	0
01016057	03016057	AdrianDecanius	Adrian Decanius	ImperialRace	M	1	187,117,75	80	175,119,85	175,119,85	0
01016056	03016056	DulgroShug	Dul gro-Shug	OrcRace	M	1	103,111,45	80	107,114,61	107,114,61	0
01016055	03016055	InielSintav	Iniel Sintav	ImperialRace	M	1	187,117,75	80	175,119,85	175,119,85	0
01016054	03016054	PistaMarillin	Pista Marillin	ImperialRace	F	13	182,112,70	80	171,115,81	171,115,81	0
01016053	03016053	LeyMarillin	Ley Marillin	ImperialRace	M	1	187,117,75	80	175,119,85	175,119,85	0
01015EAE	03015EAE	VelusHosidius	Velus Hosidius	ImperialRace	M	1	187,117,75	80	175,119,85	175,119,85	0
01015EAD	03015EAD	Varnado	Varnado	RedguardRace	M	1	119,56,30	80	120,70,49	120,70,49	0
01015EAC	03015EAC	MaroRufus	Maro Rufus	ImperialRace	M	1	187,117,75	80	175,119,85	175,119,85	0
01015EAB	03015EAB	ClaudettePerrick	Claudette Perrick	BretonRace	F	16	220,156,109	80	201,150,112	201,150,112	0
01015EAA	03015EAA	UrbulgroOrkulg	Urbul gro-Orkulg	OrcRace	M	1	103,111,45	80	107,114,61	107,114,61	0
01015EA9	03015EA9	Calindil	Calindil	HighElfRace	M	1	213,180,78	80	195,169,87	195,169,87	0
01015EA8	03015EA8	Palonirya	Palonirya	HighElfRace	F	24	208,176,73	80	191,166,83	191,166,83	0
01015EA7	03015EA7	CiceroVerus	Cicero Verus	ImperialRace	M	1	187,117,75	80	175,119,85	175,119,85	0
01015EA6	03015EA6	SergiusVerus	Sergius Verus	ImperialRace	M	1	187,117,75	80	175,119,85	175,119,85	0
01015EA5	03015EA5	TertullianVerus	Tertullian Verus	ImperialRace	M	1	187,117,75	80	175,119,85	175,119,85	0
01015EA4	03015EA4	Jensine	Jensine	NordRace	F	24	230,155,134	80	209,149,132	209,149,132	0
01015EA3	03015EA3	Gelephor	Gelephor	WoodElfRace	M	1	199,135,102	80	184,133,107	184,133,107	0
01015EA2	03015EA2	DelosFandas	Delos Fandas	DarkElfRace	M	1	89,88,83	80	96,95,91	96,95,91	0
01015EA1	03015EA1	RisFralmoton	Ris Fralmoton	ImperialRace	M	1	187,117,75	80	175,119,85	175,119,85	0
01015EA0	03015EA0	HamlofRedTooth	Hamlof Red-Tooth	NordRace	M	1	235,159,140	80	213,152,137	213,152,137	0
01015E9F	03015E9F	ViatorAccius	Viator Accius	ImperialRace	M	1	187,117,75	80	175,119,85	175,119,85	0
01015E9E	03015E9E	Thoronir	Thoronir	WoodElfRace	M	1	199,135,102	80	184,133,107	184,133,107	0
01015E9D	03015E9D	EdgarVautrine	Edgar Vautrine	BretonRace	M	2	225,161,115	80	205,154,117	205,154,117	0
01015E9C	03015E9C	Rindir	Rindir	WoodElfRace	M	1	199,135,102	80	184,133,107	184,133,107	0
01015E9B	03015E9B	Phintias	Phintias	RedguardRace	M	1	119,56,30	80	120,70,49	120,70,49	0
01015E9A	03015E9A	OgierGeorick	Ogier Georick	BretonRace	M	2	225,161,115	80	205,154,117	205,154,117	0
010092A8	030092A8	TG03ChapelUnderCroftGuard	Chapel Guard	HighElfRace	F	24	208,176,73	80	191,166,83	191,166,83	0
0101C14C	0301C14C	Rohssan	Rohssan	RedguardRace	F	23	114,52,24	80	116,67,44	116,67,44	0
0101BC2A	0301BC2A	Senannala	Bosmer Thief	HighElfRace	M	1	213,180,78	80	195,169,87	195,169,87	0
010165ED	030165ED	BeggarICWaterfrontAncus	Puny Ancus	ImperialRace	M	1	187,117,75	80	175,119,85	175,119,85	0
01016487	03016487	Mannimarco	Mannimarco	HighElfRace	M	1	213,180,78	80	195,169,87	195,169,87	0
01016483	03016483	BolorSavel	Bolor Savel	DarkElfRace	M	1	89,88,83	80	96,95,91	96,95,91	0
01015D8C	03015D8C	BeggarSkingradNigidiusTheNeedy	Nigidius the Needy	ImperialRace	M	1	187,117,75	80	175,119,85	175,119,85	0
01015D8B	03015D8B	BeggarSkingradFoulFagus	Foul Fagus	ImperialRace	M	1	187,117,75	80	175,119,85	175,119,85	0
01015D8A	03015D8A	BeggarLeyawiinRancidRadirsha	Rancid Ra'dirsha	KhajiitRace	F	4	184,131,76	80	172,130,86	172,130,86	0
01015D89	03015D89	BeggarLeyawiinDeehTheScalawag	Deeh the Scalawag	ArgonianRace	M	38	101,56,33	80	106,70,51	106,70,51	0
01015D88	03015D88	BeggarChorrolNermusTheMooch	Nermus the Mooch	ImperialRace	M	1	187,117,75	80	175,119,85	175,119,85	0
01015D87	03015D87	BeggarChorrolLazyKaslowyn	Lazy Kaslowyn	ImperialRace	M	1	187,117,75	80	175,119,85	175,119,85	0
01015D86	03015D86	BeggarCheydinhalLucklessLucina	Luckless Lucina	ImperialRace	F	13	182,112,70	80	171,115,81	171,115,81	0
01015D85	03015D85	BeggarCheydinhalBrucciusTheOrphan	Bruccius the Orphan	ImperialRace	M	1	187,117,75	80	175,119,85	175,119,85	0
01015D84	03015D84	BeggarBrumaFetidJofnhild	Fetid Jofnhild	NordRace	M	1	235,159,140	80	213,152,137	213,152,137	0
01015D83	03015D83	BeggarBrumaJorckTheOutcast	Jorck the Outcast	NordRace	M	1	235,159,140	80	213,152,137	213,152,137	0
01015D82	03015D82	BeggarAnvilImusTheDull	Imus the Dull	ImperialRace	M	1	187,117,75	80	175,119,85	175,119,85	0
01015D81	03015D81	BeggarBravilCosmusTheCheat	Cosmus the Cheat	ImperialRace	M	1	187,117,75	80	175,119,85	175,119,85	0
01015D80	03015D80	BeggarBravilWretchedAia	Wretched Aia	ImperialRace	F	13	182,112,70	80	171,115,81	171,115,81	0
01015D7F	03015D7F	BeggarAnvilPennilessOlvus	Penniless Olvus	ImperialRace	M	1	187,117,75	80	175,119,85	175,119,85	0
010153B9	030153B9	Tandilwe	Tandilwe	HighElfRace	F	24	208,176,73	80	191,166,83	191,166,83	0
010151FE	030151FE	Merete	Merete	NordRace	F	24	230,155,134	80	209,149,132	209,149,132	0
010151FC	030151FC	Iver	Iver	NordRace	M	1	235,159,140	80	213,152,137	213,152,137	0
010151FA	030151FA	Thalfin	Thalfin	WoodElfRace	F	24	194,131,97	80	180,130,103	180,130,103	0
010148D5	030148D5	JakbenImbel	Jakben, Earl of Imbel	BretonRace	M	2	225,161,115	80	205,154,117	205,154,117	0
010146EA	030146EA	MQ16Messenger	Imperial Legion Messenger	ImperialRace	M	1	187,117,75	80	175,119,85	175,119,85	0
01014699	03014699	Ocato	High Chancellor Ocato	HighElfRace	M	1	213,180,78	80	195,169,87	195,169,87	0
01014674	03014674	IrlavJarolDead	Irlav Jarol	ImperialRace	M	1	187,117,75	80	175,119,85	175,119,85	0
01014653	03014653	GrayFox	The Gray Fox	ImperialRace	M	1	187,117,75	80	175,119,85	175,119,85	0
0100C22D	0300C22D	GrayFoxCorvus	Corvus Umbranox	ImperialRace	M	1	187,117,75	80	175,119,85	175,119,85	0
0100C1DA	0300C1DA	Wrath	Wrath	NordRace	M	1	235,159,140	80	213,152,137	213,152,137	0
0100C1D9	0300C1D9	Minx	Minx	DarkElfRace	F	24	84,84,78	80	92,92,87	92,92,87	0
0100C1D8	0300C1D8	Lynch	Lynch	NordRace	M	1	235,159,140	80	213,152,137	213,152,137	0
0100C1D7	0300C1D7	Selene	Selene	ImperialRace	F	13	182,112,70	80	171,115,81	171,115,81	0
0100C1D5	0300C1D5	GramangroMarad	Graman gro-Marad	OrcRace	M	1	103,111,45	80	107,114,61	107,114,61	0
0100C1D4	0300C1D4	Ormil	Ormil	HighElfRace	M	1	213,180,78	80	195,169,87	195,169,87	0
0100C0F3	0300C0F3	AnvilGuardEscortCountess	Countess's Bodyguard	ImperialRace	M	1	187,117,75	80	175,119,85	175,119,85	0
0100C03E	0300C03E	SkingradCastleGuardPatrolNight02	Skingrad Guard	ImperialRace	M	1	187,117,75	80	175,119,85	175,119,85	0
0100C03D	0300C03D	SkingradCastleGuardPatrolDay02	Skingrad Guard	ImperialRace	M	1	187,117,75	80	175,119,85	175,119,85	0
0100BFFC	0300BFFC	AnvilGuardCityPostNight02	Anvil Guard	ImperialRace	M	1	187,117,75	80	175,119,85	175,119,85	0
0100BFFB	0300BFFB	AnvilGuardCityPostDay02	Anvil Guard	ImperialRace	M	1	187,117,75	80	175,119,85	175,119,85	0
0100BFF8	0300BFF8	AnvilGuardCityPostNight01	Anvil Guard	ImperialRace	M	1	187,117,75	80	175,119,85	175,119,85	0
0100BFF7	0300BFF7	AnvilGuardCityPostDay01	Anvil Guard	ImperialRace	M	1	187,117,75	80	175,119,85	175,119,85	0
0100BFEE	0300BFEE	AnvilGuardCityPatrolNight02	Anvil Guard	ImperialRace	M	1	187,117,75	80	175,119,85	175,119,85	0
0100BFED	0300BFED	AnvilGuardCityPatrolDay02	Anvil Guard	ImperialRace	M	1	187,117,75	80	175,119,85	175,119,85	0
0100BFE9	0300BFE9	AnvilGuardCityPatrolNight01	Anvil Guard	ImperialRace	M	1	187,117,75	80	175,119,85	175,119,85	0
0100BFDF	0300BFDF	AnvilGuardCityPatrolDay01	Anvil Guard	ImperialRace	M	1	187,117,75	80	175,119,85	175,119,85	0
0100BFDC	0300BFDC	AnvilGuardCastlePostNight03	Anvil Guard	ImperialRace	M	1	187,117,75	80	175,119,85	175,119,85	0
0100BFDB	0300BFDB	AnvilGuardCastlePostDay03	Anvil Guard	ImperialRace	M	1	187,117,75	80	175,119,85	175,119,85	0
0100BFD9	0300BFD9	AnvilGuardCastlePatrolNight01	Anvil Guard	ImperialRace	M	1	187,117,75	80	175,119,85	175,119,85	0
0100BFD7	0300BFD7	AnvilGuardCastlePatrolDay01	Anvil Guard	ImperialRace	M	1	187,117,75	80	175,119,85	175,119,85	0
0100BEE6	0300BEE6	Fithragaer	Fithragaer	WoodElfRace	M	1	199,135,102	80	184,133,107	184,133,107	0
0100BEA7	0300BEA7	DraranaThelis	Drarana Thelis	DarkElfRace	F	24	84,84,78	80	92,92,87	92,92,87	0
0100BE80	0300BE80	LadyRogbut	Lady Rogbut gra-Shurgak	OrcRace	F	13	100,108,44	80	105,111,60	105,111,60	0
0100BE7F	0300BE7F	LordRugdumph	Lord Rugdumph gro-Shurgak	OrcRace	M	1	103,111,45	80	107,114,61	107,114,61	0
0100BE55	0300BE55	AnvilGuardJailorNight	Anvil Jailor	ImperialRace	M	1	187,117,75	80	175,119,85	175,119,85	0
0100BE50	0300BE50	AnvilGuardJailorDay	Anvil Jailor	ImperialRace	M	1	187,117,75	80	175,119,85	175,119,85	0
0100BD60	0300BD60	Larthjar	Larthjar the Laggard	NordRace	M	1	235,159,140	80	213,152,137	213,152,137	0
0100A2AE	0300A2AE	AnvilGuardCastlePostNight02	Anvil Guard	ImperialRace	M	1	187,117,75	80	175,119,85	175,119,85	0
0100A2AB	0300A2AB	AnvilGuardCastlePostNight01	Anvil Guard	ImperialRace	M	1	187,117,75	80	175,119,85	175,119,85	0
0100A2AA	0300A2AA	AnvilGuardCastlePostDay02	Anvil Guard	ImperialRace	M	1	187,117,75	80	175,119,85	175,119,85	0
0100A2A7	0300A2A7	AnvilGuardCastlePostDay01	Anvil Guard	ImperialRace	M	1	187,117,75	80	175,119,85	175,119,85	0
0100A2A5	0300A2A5	GrayFoxStranger	A Stranger	ImperialRace	M	1	187,117,75	80	175,119,85	175,119,85	0
0100A2A4	0300A2A4	GorgogroShura	Gorgo gro-Shura	OrcRace	M	1	103,111,45	80	107,114,61	107,114,61	0
0100A2A3	0300A2A3	JesanSextius	Jesan Sextius	ImperialRace	M	1	187,117,75	80	175,119,85	175,119,85	0
0100A2A2	0300A2A2	Maelona	Maelona	RedguardRace	F	23	114,52,24	80	116,67,44	116,67,44	0
0100A2A1	0300A2A1	Orrin	Orrin	RedguardRace	M	1	119,56,30	80	120,70,49	120,70,49	0
0100A2A0	0300A2A0	QuillWeave	Quill-Weave	ArgonianRace	F	16	81,64,40	80	90,76,57	90,76,57	0
0100A29F	0300A29F	RusiaBradus	Rusia Bradus	ImperialRace	F	13	182,112,70	80	171,115,81	171,115,81	0
0100A29E	0300A29E	AstiaInventius	Astia Inventius	ImperialRace	F	13	182,112,70	80	171,115,81	171,115,81	0
0100A29D	0300A29D	PinarusInventius	Pinarus Inventius	ImperialRace	M	1	187,117,75	80	175,119,85	175,119,85	0
0100A29C	0300A29C	Hasathil	Hasathil	WoodElfRace	F	24	194,131,97	80	180,130,103	180,130,103	0
0100A29B	0300A29B	HeinrichOakenHull	Heinrich Oaken-Hull	NordRace	M	1	235,159,140	80	213,152,137	213,152,137	0
0100A29A	0300A29A	Thurindil	Thurindil	WoodElfRace	M	1	199,135,102	80	184,133,107	184,133,107	0
0100A299	0300A299	Anguilon	Anguilon	WoodElfRace	M	1	199,135,102	80	184,133,107	184,133,107	0
0100A298	0300A298	Isolde	Isolde	RedguardRace	F	23	114,52,24	80	116,67,44	116,67,44	0
0100A297	0300A297	HaulsRopesFaster	Hauls-Ropes-Faster	ArgonianRace	M	38	101,56,33	80	106,70,51	106,70,51	0
0100A296	0300A296	KrognakgroBrok	Krognak gro-Brok	OrcRace	M	1	103,111,45	80	107,114,61	107,114,61	0
0100A295	0300A295	MirabelleMonet	Mirabelle Monet	BretonRace	F	16	220,156,109	80	201,150,112	201,150,112	0
0100A294	0300A294	Huurwen	Huurwen	WoodElfRace	F	24	194,131,97	80	180,130,103	180,130,103	0
0100A293	0300A293	LlensiLlaram	Llensi Llaram	DarkElfRace	F	24	84,84,78	80	92,92,87	92,92,87	0
0100A292	0300A292	StentheUgly	Sten the Ugly	NordRace	M	1	235,159,140	80	213,152,137	213,152,137	0
0100A291	0300A291	RufriusVinicius	Rufrius Vinicius	ImperialRace	M	1	187,117,75	80	175,119,85	175,119,85	0
0100A290	0300A290	Rhano	Rhano	RedguardRace	M	1	119,56,30	80	120,70,49	120,70,49	0
0100A28F	0300A28F	Vigdis	Vigdis	NordRace	F	24	230,155,134	80	209,149,132	209,149,132	0
0100A28C	0300A28C	Baeralorn	Baeralorn	WoodElfRace	M	1	199,135,102	80	184,133,107	184,133,107	0
0100A28B	0300A28B	Langley	Langley	ImperialRace	M	1	187,117,75	80	175,119,85	175,119,85	0
0100A289	0300A289	Dairihill	Dairihill	WoodElfRace	F	24	194,131,97	80	180,130,103	180,130,103	0
0100A288	0300A288	MillonaUmbranox	Countess Millona Umbranox	ImperialRace	F	13	182,112,70	80	171,115,81	171,115,81	0
0100A287	0300A287	DumaniaJirich	Dumania Jirich	ImperialRace	F	13	182,112,70	80	171,115,81	171,115,81	0
0100A286	0300A286	Laralthir	Laralthir	WoodElfRace	F	24	194,131,97	80	180,130,103	180,130,103	0
0100A285	0300A285	Trevaia	Trevaia	RedguardRace	F	23	114,52,24	80	116,67,44	116,67,44	0
0100A283	0300A283	VarelMorvayn	Varel Morvayn	DarkElfRace	M	1	89,88,83	80	96,95,91	96,95,91	0
0100A282	0300A282	WilhelmtheWorm	Wilhelm the Worm	NordRace	M	1	235,159,140	80	213,152,137	213,152,137	0
0100A281	0300A281	DidierAumilie	Didier Aumilie	BretonRace	M	2	225,161,115	80	205,154,117	205,154,117	0
0100A280	0300A280	Sshani	S'shani	KhajiitRace	M	1	189,124,58	80	176,124,71	176,124,71	0
0100A27E	0300A27E	Wilbur	Wilbur	RedguardRace	M	1	119,56,30	80	120,70,49	120,70,49	0
0100A27D	0300A27D	Caenlorn	Caenlorn	WoodElfRace	M	1	199,135,102	80	184,133,107	184,133,107	0
0100A27C	0300A27C	Maenlorn	Maenlorn	WoodElfRace	M	1	199,135,102	80	184,133,107	184,133,107	0
0100A27B	0300A27B	UlfgarFogEye	Ulfgar Fog-Eye	NordRace	M	1	235,159,140	80	213,152,137	213,152,137	0
0100A25C	0300A25C	VieraLerus	Viera Lerus	ImperialRace	F	13	182,112,70	80	171,115,81	171,115,81	0
0100A188	0300A188	BravilGuardEscortCount	Count's Bodyguard	ImperialRace	M	1	187,117,75	80	175,119,85	175,119,85	0
0100A17E	0300A17E	BravilGuardJailorNight	Bravil Jailor	ImperialRace	M	1	187,117,75	80	175,119,85	175,119,85	0
0100A17D	0300A17D	BravilGuardJailorDay	Bravil Jailor	ImperialRace	M	1	187,117,75	80	175,119,85	175,119,85	0
0100A169	0300A169	BravilGuardCityPostNight01	Bravil Guard	ImperialRace	M	1	187,117,75	80	175,119,85	175,119,85	0
0100A168	0300A168	BravilGuardCityPostDay01	Bravil Guard	ImperialRace	M	1	187,117,75	80	175,119,85	175,119,85	0
0100A15E	0300A15E	BravilGuardCityPostNight03	Bravil Guard	ImperialRace	M	1	187,117,75	80	175,119,85	175,119,85	0
0100A15D	0300A15D	BravilGuardCityPostNight02	Bravil Guard	ImperialRace	M	1	187,117,75	80	175,119,85	175,119,85	0
0100A15B	0300A15B	BravilGuardCityPatrolNight01	Bravil Guard	ImperialRace	M	1	187,117,75	80	175,119,85	175,119,85	0
0100A156	0300A156	BravilGuardCityPostDay03	Bravil Guard	ImperialRace	M	1	187,117,75	80	175,119,85	175,119,85	0
0100A152	0300A152	BravilGuardCityPostDay02	Bravil Guard	ImperialRace	M	1	187,117,75	80	175,119,85	175,119,85	0
0100A143	0300A143	BravilGuardCityPatrolDay01	Bravil Guard	ImperialRace	M	1	187,117,75	80	175,119,85	175,119,85	0
0100A140	0300A140	BravilGuardCastlePostNight02	Bravil Guard	ImperialRace	M	1	187,117,75	80	175,119,85	175,119,85	0
0100A13F	0300A13F	BravilGuardCastlePostNight01	Bravil Guard	ImperialRace	M	1	187,117,75	80	175,119,85	175,119,85	0
0100A13A	0300A13A	BravilGuardCastlePostDay02	Bravil Guard	ImperialRace	M	1	187,117,75	80	175,119,85	175,119,85	0
0100A137	0300A137	BravilGuardCastlePostDay01	Bravil Guard	ImperialRace	M	1	187,117,75	80	175,119,85	175,119,85	0
0100A112	0300A112	Reenum	Reenum	ArgonianRace	M	38	101,56,33	80	106,70,51	106,70,51	0
0100A111	0300A111	UrsanneLoche	Ursanne Loche	BretonRace	F	16	220,156,109	80	201,150,112	201,150,112	0
0100A110	0300A110	AleronLoche	Aleron Loche	BretonRace	M	2	225,161,115	80	205,154,117	205,154,117	0
0100A10F	0300A10F	RoxanneBrigette	Roxanne Brigette	BretonRace	F	16	220,156,109	80	201,150,112	201,150,112	0
0100A10E	0300A10E	ReistrtheRotted	Reistr the Rotted	NordRace	M	1	235,159,140	80	213,152,137	213,152,137	0
0100A10D	0300A10D	Rvanni	R'vanni	KhajiitRace	M	1	189,124,58	80	176,124,71	176,124,71	0
0100A10C	0300A10C	JzinDar	J'zin-Dar	KhajiitRace	M	1	189,124,58	80	176,124,71	176,124,71	0
0100A10B	0300A10B	Andragil	Andragil	WoodElfRace	F	24	194,131,97	80	180,130,103	180,130,103	0
0100A10A	0300A10A	LucianaGalena	Luciana Galena	BretonRace	F	16	220,156,109	80	201,150,112	201,150,112	0
0100A109	0300A109	CitySwimmer	City-Swimmer	ArgonianRace	F	16	81,64,40	80	90,76,57	90,76,57	0
0100A108	0300A108	Carandial	Carandial	HighElfRace	M	1	213,180,78	80	195,169,87	195,169,87	0
0100A09A	0300A09A	VolanaroDead	Volanaro	HighElfRace	M	1	213,180,78	80	195,169,87	195,169,87	0
0100A099	0300A099	SelenaOraniaDead	Selena Orania	ImperialRace	F	13	182,112,70	80	171,115,81	171,115,81	0
0100A096	0300A096	TadroseHelas	Tadrose Helas	DarkElfRace	F	24	84,84,78	80	92,92,87	92,92,87	0
0100A095	0300A095	Nahsi	Nahsi	KhajiitRace	F	4	184,131,76	80	172,130,86	172,130,86	0
0100A094	0300A094	VincentGalien	Vincent Galien	BretonRace	M	2	225,161,115	80	205,154,117	205,154,117	0
0100A093	0300A093	DrelsTheran	Drels Theran	DarkElfRace	M	1	89,88,83	80	96,95,91	96,95,91	0
0100A092	0300A092	GelliusTerentius	Gellius Terentius	ImperialRace	M	1	187,117,75	80	175,119,85	175,119,85	0
0100A091	0300A091	HansBlackNail	Hans Black-Nail	NordRace	M	1	235,159,140	80	213,152,137	213,152,137	0
0100A090	0300A090	FathisAren	Fathis Aren	DarkElfRace	M	1	89,88,83	80	96,95,91	96,95,91	0
0100A08F	0300A08F	DroNahrah	Dro'Nahrahe	KhajiitRace	F	4	184,131,76	80	172,130,86	172,130,86	0
0100A08E	0300A08E	RegulusTerentius	Count Regulus Terentius	ImperialRace	M	1	187,117,75	80	175,119,85	175,119,85	0
0100A08D	0300A08D	OlavatheFair	Olava the Fair	NordRace	F	24	230,155,134	80	209,149,132	209,149,132	0
0100A08C	0300A08C	ChanaMona	Chana Mona	BretonRace	F	16	220,156,109	80	201,150,112	201,150,112	0
0100A08B	0300A08B	Marz	Marz	ArgonianRace	F	16	81,64,40	80	90,76,57	90,76,57	0
0100A08A	0300A08A	UravasaOthrelas	Uravasa Othrelas	DarkElfRace	F	24	84,84,78	80	92,92,87	92,92,87	0
0100A089	0300A089	Daenlin	Daenlin	WoodElfRace	M	1	199,135,102	80	184,133,107	184,133,107	0
0100A088	0300A088	Ungarion	Ungarion	HighElfRace	M	1	213,180,78	80	195,169,87	195,169,87	0
0100A087	0300A087	Nilawen	Nilawen	WoodElfRace	F	24	194,131,97	80	180,130,103	180,130,103	0
0100A086	0300A086	JeanPierreLemonds	Jean-Pierre Lemonds	BretonRace	M	2	225,161,115	80	205,154,117	205,154,117	0
0100A085	0300A085	BrokilgroShatur	Brokil gro-Shatur	OrcRace	M	1	103,111,45	80	107,114,61	107,114,61	0
0100A084	0300A084	Gilgondorin	Gilgondorin	HighElfRace	M	1	213,180,78	80	195,169,87	195,169,87	0
0100A083	0300A083	Ranaline	Ranaline	HighElfRace	F	24	208,176,73	80	191,166,83	191,166,83	0
0100A082	0300A082	BogrumGroGalash	Bogrum Gro-Galash	OrcRace	M	1	103,111,45	80	107,114,61	107,114,61	0
01009C5A	03009C5A	ICWaterfrontGuardDay01	Imperial Watch	ImperialRace	M	1	187,117,75	80	175,119,85	175,119,85	0
01009C3B	03009C3B	Enrion	Enrion	HighElfRace	M	1	213,180,78	80	195,169,87	195,169,87	0
01009C3A	03009C3A	DreetLai	Dreet-Lai	ArgonianRace	M	38	101,56,33	80	106,70,51	106,70,51	0
01009C39	03009C39	Ashanta	Ashanta	RedguardRace	F	23	114,52,24	80	116,67,44	116,67,44	0
01009C38	03009C38	Hlofgar	Hlofgar	NordRace	M	1	235,159,140	80	213,152,137	213,152,137	0
010097A5	030097A5	AmantiusAllectus	Amantius Allectus	ImperialRace	M	1	187,117,75	80	175,119,85	175,119,85	0
01009236	03009236	OrumGangCourier2	Camonna Tong Thug	DarkElfRace	M	1	89,88,83	80	96,95,91	96,95,91	0
01009235	03009235	OrumGangCourier1	Camonna Tong Thug	DarkElfRace	M	1	89,88,83	80	96,95,91	96,95,91	0
0100922B	0300922B	TheNightMother	The Night Mother	DarkElfRace	F	24	84,84,78	80	92,92,87	92,92,87	0
010091F5	030091F5	BieneAmelion	Biene Amelion	BretonRace	F	16	220,156,109	80	201,150,112	201,150,112	0
010055D6	030055D6	CheydinhalGuardJailorNight	Cheydinhal Jailor	ImperialRace	M	1	187,117,75	80	175,119,85	175,119,85	0
010055D5	030055D5	CheydinhalGuardJailorDay	Cheydinhal Jailor	ImperialRace	M	1	187,117,75	80	175,119,85	175,119,85	0
010055D4	030055D4	CheydinhalGuardCountEscort	Count's Bodyguard	ImperialRace	M	1	187,117,75	80	175,119,85	175,119,85	0
010055D3	030055D3	CheydinhalGuardCastlePatrolNight01	Cheydinhal Guard	ImperialRace	M	1	187,117,75	80	175,119,85	175,119,85	0
010055D2	030055D2	CheydinhalGuardCastlePatrolDay01	Cheydinhal Guard	ImperialRace	M	1	187,117,75	80	175,119,85	175,119,85	0
010055CD	030055CD	CheydinhalGuardCityPostNight02	Cheydinhal Guard	ImperialRace	M	1	187,117,75	80	175,119,85	175,119,85	0
010055CC	030055CC	CheydinhalGuardCityPostNight01	Cheydinhal Guard	ImperialRace	M	1	187,117,75	80	175,119,85	175,119,85	0
010055CB	030055CB	CheydinhalGuardCityPostDay02	Cheydinhal Guard	ImperialRace	M	1	187,117,75	80	175,119,85	175,119,85	0
010055CA	030055CA	CheydinhalGuardCityPostDay01	Cheydinhal Guard	ImperialRace	M	1	187,117,75	80	175,119,85	175,119,85	0
010055C9	030055C9	CheydinhalGuardCityPatrolNight02	Cheydinhal Guard	ImperialRace	M	1	187,117,75	80	175,119,85	175,119,85	0
010055C8	030055C8	CheydinhalGuardCityPatrolNight01	Cheydinhal Guard	ImperialRace	M	1	187,117,75	80	175,119,85	175,119,85	0
010055C7	030055C7	CheydinhalGuardCityPatrolDay02	Cheydinhal Guard	ImperialRace	M	1	187,117,75	80	175,119,85	175,119,85	0
010055C6	030055C6	CheydinhalGuardCityPatrolDay01	Cheydinhal Guard	ImperialRace	M	1	187,117,75	80	175,119,85	175,119,85	0
010055C5	030055C5	CheydinhalGuardCastlePostNight02	Cheydinhal Guard	ImperialRace	M	1	187,117,75	80	175,119,85	175,119,85	0
010055C4	030055C4	CheydinhalGuardCastlePostNight01	Cheydinhal Guard	ImperialRace	M	1	187,117,75	80	175,119,85	175,119,85	0
010055C3	030055C3	CheydinhalGuardCastlePostDay02	Cheydinhal Guard	ImperialRace	M	1	187,117,75	80	175,119,85	175,119,85	0
010055C2	030055C2	CheydinhalGuardCastlePostDay01	Cheydinhal Guard	ImperialRace	M	1	187,117,75	80	175,119,85	175,119,85	0
01003A8A	03003A8A	TestVampireNPC	Vampire	DarkElfRace	M	1	89,88,83	80	96,95,91	96,95,91	0
010039B1	030039B1	VontusIdolus	Vontus Idolus	ImperialRace	M	1	187,117,75	80	175,119,85	175,119,85	0
010039AE	030039AE	Carsten	Carsten	NordRace	M	1	235,159,140	80	213,152,137	213,152,137	0
010039AB	030039AB	Shamar	Shamar	RedguardRace	M	1	119,56,30	80	120,70,49	120,70,49	0
010039A6	030039A6	Eridor	Eridor	WoodElfRace	M	1	199,135,102	80	184,133,107	184,133,107	0
0100398A	0300398A	MathieuBellamont	Mathieu Bellamont	BretonRace	M	2	225,161,115	80	205,154,117	205,154,117	0
01003946	03003946	Ksharr	K'Sharr	KhajiitRace	M	1	189,124,58	80	176,124,71	176,124,71	0
010038CA	030038CA	LaytheWavrick	Laythe Wavrick	ImperialRace	M	1	187,117,75	80	175,119,85	175,119,85	0
010038B5	030038B5	CamillaLollia	Camilla Lollia	ImperialRace	F	13	182,112,70	80	171,115,81	171,115,81	0
010038B3	030038B3	MarietteRielle	Mariette Rielle	BretonRace	F	16	220,156,109	80	201,150,112	201,150,112	0
010034E0	030034E0	TovasSelvani	Tovas Selvani	DarkElfRace	M	1	89,88,83	80	96,95,91	96,95,91	0
010034DF	030034DF	LlevanaNedaren	Llevana Nedaren	DarkElfRace	F	24	84,84,78	80	92,92,87	92,92,87	0
010034DE	030034DE	AldosOthran	Aldos Othran	DarkElfRace	M	1	89,88,83	80	96,95,91	96,95,91	0
010034DD	030034DD	BazurgroGharz	Bazur gro-Gharz	OrcRace	M	1	103,111,45	80	107,114,61	107,114,61	0
010034DC	030034DC	OghashgraMagul	Oghash gra-Magul	OrcRace	F	13	100,108,44	80	105,111,60	105,111,60	0
010034DB	030034DB	Ganredhel	Ganredhel	WoodElfRace	F	24	194,131,97	80	180,130,103	180,130,103	0
010034DA	030034DA	MaknokgroCoblug	Maknok gro-Coblug	OrcRace	M	1	103,111,45	80	107,114,61	107,114,61	0
010034D9	030034D9	RogmeshgraCoblug	Rogmesh gra-Coblug	OrcRace	F	13	100,108,44	80	105,111,60	105,111,60	0
010034D8	030034D8	TanasaArano	Tanasa Arano	DarkElfRace	F	24	84,84,78	80	92,92,87	92,92,87	0
010034D7	030034D7	TolisiGirith	Tolisi Girith	DarkElfRace	F	24	84,84,78	80	92,92,87	92,92,87	0
010034D6	030034D6	Voranil	Voranil	HighElfRace	M	1	213,180,78	80	195,169,87	195,169,87	0
010034D5	030034D5	MagubgraOrum	Magub gro-Orum	OrcRace	M	1	103,111,45	80	107,114,61	107,114,61	0
010034D4	030034D4	DulfishgroOrum	Dulfish gro-Orum	OrcRace	M	1	103,111,45	80	107,114,61	107,114,61	0
010034D3	030034D3	TivelaLythandas	Tivela Lythandas	DarkElfRace	F	24	84,84,78	80	92,92,87	92,92,87	0
010034D2	030034D2	RytheLythandas	Rythe Lythandas	DarkElfRace	M	1	89,88,83	80	96,95,91	96,95,91	0
010034D0	030034D0	Ohtimbar	Ohtimbar	HighElfRace	M	1	213,180,78	80	195,169,87	195,169,87	0
010034CF	030034CF	KeldoftheIsles	Keld of the Isles	NordRace	M	1	235,159,140	80	213,152,137	213,152,137	0
010034CE	030034CE	Raqanar	Ra'qanar	KhajiitRace	M	1	189,124,58	80	176,124,71	176,124,71	0
010034CD	030034CD	UleneHlervu	Ulene Hlervu	DarkElfRace	F	24	84,84,78	80	92,92,87	92,92,87	0
010034CC	030034CC	UlrichLeland	Ulrich Leland	BretonRace	M	2	225,161,115	80	205,154,117	205,154,117	0
010034CB	030034CB	NaspiaCosma	Naspia Cosma	ImperialRace	F	13	182,112,70	80	171,115,81	171,115,81	0
010034CA	030034CA	AndelIndarys	Count Andel Indarys	DarkElfRace	M	1	89,88,83	80	96,95,91	96,95,91	0
010034C9	030034C9	GruiandGarrana	Gruiand Garrana	ImperialRace	F	13	182,112,70	80	171,115,81	171,115,81	0
010034C8	030034C8	Errandil	Errandil	HighElfRace	M	1	213,180,78	80	195,169,87	195,169,87	0
010034C7	030034C7	Ohtesse	Ohtesse	HighElfRace	F	24	208,176,73	80	191,166,83	191,166,83	0
010034C6	030034C6	HiltheTall	Hil the Tall	NordRace	M	1	235,159,140	80	213,152,137	213,152,137	0
010034C5	030034C5	TertiaViducia	Tertia Viducia	ImperialRace	F	13	182,112,70	80	171,115,81	171,115,81	0
010034C4	030034C4	BorbagraUzgash	Borba gra-Uzgash	OrcRace	F	13	100,108,44	80	105,111,60	105,111,60	0
010034C3	030034C3	Shelley	Shelley	RedguardRace	F	23	114,52,24	80	116,67,44	116,67,44	0
010034C2	030034C2	MarianaAncharia	Mariana Ancharia	ImperialRace	F	13	182,112,70	80	171,115,81	171,115,81	0
010034C0	030034C0	DerveraRomalen	Dervera Romalen	DarkElfRace	F	24	84,84,78	80	92,92,87	92,92,87	0
010034AF	030034AF	LucienLachanceHunted	Lucien Lachance	ImperialRace	M	1	187,117,75	80	175,119,85	175,119,85	0
01003435	03003435	ElanteofAlinor	Elante of Alinor	HighElfRace	F	24	208,176,73	80	191,166,83	191,166,83	0
01002E9B	03002E9B	Dennilwen	Dennilwen	WoodElfRace	F	24	194,131,97	80	180,130,103	180,130,103	0
01002E9A	03002E9A	Idrolian	Idrolian	WoodElfRace	F	24	194,131,97	80	180,130,103	180,130,103	0
01002E99	03002E99	Githriian	Githriian	WoodElfRace	F	24	194,131,97	80	180,130,103	180,130,103	0
01002E98	03002E98	Thrangirfin	Thrangirfin	WoodElfRace	M	1	199,135,102	80	184,133,107	184,133,107	0
01002E97	03002E97	Nedhelfin	Nedhelfin	WoodElfRace	M	1	199,135,102	80	184,133,107	184,133,107	0
01002E96	03002E96	Niraegaer	Niraegaer	WoodElfRace	M	1	199,135,102	80	184,133,107	184,133,107	0
01002E95	03002E95	Cingaer	Cingaer	WoodElfRace	M	1	199,135,102	80	184,133,107	184,133,107	0
01002E94	03002E94	Thiirchel	Thiirchel	WoodElfRace	F	24	194,131,97	80	180,130,103	180,130,103	0
0103630A	0303630A	BanusAlor	Banus Alor	DarkElfRace	M	1	89,88,83	80	96,95,91	96,95,91	0
01036309	03036309	BelisariusArius	Belisarius Arius	ImperialRace	M	1	187,117,75	80	175,119,85	175,119,85	0
01036308	03036308	Arquen	Arquen	HighElfRace	F	24	208,176,73	80	191,166,83	191,166,83	0
01036307	03036307	Enilroth	Enilroth	WoodElfRace	M	1	199,135,102	80	184,133,107	184,133,107	0
010362EE	030362EE	BrumaGuardEscortCountess	Countess's Bodyguard	ImperialRace	M	1	187,117,75	80	175,119,85	175,119,85	0
010362ED	030362ED	BrumaGuardJailorDay	Bruma Jailor	ImperialRace	M	1	187,117,75	80	175,119,85	175,119,85	0
010362EC	030362EC	BrumaGuardJailorNight	Bruma Jailor	ImperialRace	M	1	187,117,75	80	175,119,85	175,119,85	0
010362EB	030362EB	BrumaGuardCastlePostNight02	Bruma Guard	ImperialRace	M	1	187,117,75	80	175,119,85	175,119,85	0
010362EA	030362EA	BrumaGuardCastlePostNight01	Bruma Guard	ImperialRace	M	1	187,117,75	80	175,119,85	175,119,85	0
010362E9	030362E9	BrumaGuardCastlePostDay02	Bruma Guard	ImperialRace	M	1	187,117,75	80	175,119,85	175,119,85	0
010362E8	030362E8	BrumaGuardCastlePostDay01	Bruma Guard	ImperialRace	M	1	187,117,75	80	175,119,85	175,119,85	0
010362CA	030362CA	BrumaGuardCityPatrolNight02	Bruma Guard	ImperialRace	M	1	187,117,75	80	175,119,85	175,119,85	0
010362C9	030362C9	BrumaGuardCityPatrolNight01	Bruma Guard	ImperialRace	M	1	187,117,75	80	175,119,85	175,119,85	0
010362BD	030362BD	BrumaGuardCityPatrolDay02	Bruma Guard	ImperialRace	M	1	187,117,75	80	175,119,85	175,119,85	0
010362B7	030362B7	BrumaGuardCityPatrolDay01	Bruma Guard	ImperialRace	M	1	187,117,75	80	175,119,85	175,119,85	0
010362B1	030362B1	BrumaGuardCityPostNight02	Bruma Guard	ImperialRace	M	1	187,117,75	80	175,119,85	175,119,85	0
010362B0	030362B0	BrumaGuardCityPostNight01	Bruma Guard	ImperialRace	M	1	187,117,75	80	175,119,85	175,119,85	0
010362AD	030362AD	BrumaGuardCityPostDay02	Bruma Guard	ImperialRace	M	1	187,117,75	80	175,119,85	175,119,85	0
010362A7	030362A7	BrumaGuardCityPostDay01	Bruma Guard	ImperialRace	M	1	187,117,75	80	175,119,85	175,119,85	0
0103628D	0303628D	VelwynBenirus	Velwyn Benirus	ImperialRace	M	1	187,117,75	80	175,119,85	175,119,85	0
01036244	03036244	Jorundr	Jorundr	NordRace	M	1	235,159,140	80	213,152,137	213,152,137	0
01035F8F	03035F8F	LeyawiinGuardJailorDay	Leyawiin Jailor	ImperialRace	M	1	187,117,75	80	175,119,85	175,119,85	0
01035F8E	03035F8E	LeyawiinGuardJailorNight	Leyawiin Jailor	ImperialRace	M	1	187,117,75	80	175,119,85	175,119,85	0
01035F52	03035F52	Denel	Denel	ImperialRace	M	1	187,117,75	80	175,119,85	175,119,85	0
01035F43	03035F43	Skaleel	Skaleel	ArgonianRace	F	16	81,64,40	80	90,76,57	90,76,57	0
01035ED0	03035ED0	HelviusCecia	Helvius Cecia	ImperialRace	M	1	187,117,75	80	175,119,85	175,119,85	0
01035ECF	03035ECF	EdlaDarkHeart	Edla Dark-Heart	NordRace	F	24	230,155,134	80	209,149,132	209,149,132	0
01035ECE	03035ECE	Regner	Regner	NordRace	M	1	235,159,140	80	213,152,137	213,152,137	0
01035ECD	03035ECD	ArnoraAuria	Arnora Auria	ImperialRace	F	13	182,112,70	80	171,115,81	171,115,81	0
01035ECC	03035ECC	SaveriFaram	Saveri Faram	DarkElfRace	F	24	84,84,78	80	92,92,87	92,92,87	0
01035ECB	03035ECB	Jearl	Jearl	RedguardRace	F	23	114,52,24	80	116,67,44	116,67,44	0
01035ECA	03035ECA	OngartheWorldWeary	Ongar the World-Weary	NordRace	M	1	235,159,140	80	213,152,137	213,152,137	0
01035EC9	03035EC9	JantusBrolus	Jantus Brolus	ImperialRace	F	13	182,112,70	80	171,115,81	171,115,81	0
01035EC8	03035EC8	IstirusBrolus	Istirus Brolus	BretonRace	M	2	225,161,115	80	205,154,117	205,154,117	0
01035EC7	03035EC7	ErlineLirrian	Erline Lirrian	BretonRace	F	16	220,156,109	80	201,150,112	201,150,112	0
01035EC6	03035EC6	BradonLirrian	Bradon Lirrian	BretonRace	M	2	225,161,115	80	205,154,117	205,154,117	0
01035EC5	03035EC5	LyraRosentia	Lyra Rosentia	ImperialRace	F	13	182,112,70	80	171,115,81	171,115,81	0
01035EC4	03035EC4	Alga	Alga	NordRace	F	24	230,155,134	80	209,149,132	209,149,132	0
01035EC3	03035EC3	Honmund	Honmund	NordRace	M	1	235,159,140	80	213,152,137	213,152,137	0
01035EC2	03035EC2	BumphgraGash	Bumph gra-Gash	OrcRace	F	13	100,108,44	80	105,111,60	105,111,60	0
01035EC1	03035EC1	RightWind	Right-Wind	ArgonianRace	M	38	101,56,33	80	106,70,51	106,70,51	0
01035EC0	03035EC0	GanLuseph	Gan Luseph	BretonRace	M	2	225,161,115	80	205,154,117	205,154,117	0
01035EBF	03035EBF	GerichSenarel	Gerich Senarel	ImperialRace	M	1	187,117,75	80	175,119,85	175,119,85	0
01035EBE	03035EBE	Burd	Burd	NordRace	M	1	235,159,140	80	213,152,137	213,152,137	0
01035EBC	03035EBC	YvaraChannitte	Yvara Channitte	BretonRace	F	16	220,156,109	80	201,150,112	201,150,112	0
01035EBB	03035EBB	NarinaCarvain	Countess Narina Carvain	ImperialRace	F	13	182,112,70	80	171,115,81	171,115,81	0
01035EB9	03035EB9	ArentusFalvius	Arentus Falvius	ImperialRace	M	1	187,117,75	80	175,119,85	175,119,85	0
01035EB8	03035EB8	Cirroc	Cirroc	RedguardRace	M	1	119,56,30	80	120,70,49	120,70,49	0
01035EB7	03035EB7	IsaRaman	Isa Raman	ImperialRace	F	13	182,112,70	80	171,115,81	171,115,81	0
01035EB6	03035EB6	Fjotreid	Fjotreid	NordRace	M	1	235,159,140	80	213,152,137	213,152,137	0
01035EB5	03035EB5	Olfand	Olfand	NordRace	M	1	235,159,140	80	213,152,137	213,152,137	0
01035EB4	03035EB4	Skjorta	Skjorta	NordRace	F	24	230,155,134	80	209,149,132	209,149,132	0
01035EB3	03035EB3	Suurootan	Suurootan	HighElfRace	M	1	213,180,78	80	195,169,87	195,169,87	0
01035EB2	03035EB2	SnartheCook	Snar the Cook	NordRace	M	1	235,159,140	80	213,152,137	213,152,137	0
01035EB1	03035EB1	Logvaar	Logvaar	NordRace	M	1	235,159,140	80	213,152,137	213,152,137	0
01035EB0	03035EB0	HafidHollowleg	Hafid Hollowleg	NordRace	M	1	235,159,140	80	213,152,137	213,152,137	0
01035EAE	03035EAE	RaynilDralas	Raynil Dralas	DarkElfRace	M	1	89,88,83	80	96,95,91	96,95,91	0
01035EAD	03035EAD	Petrine	Petrine	NordRace	F	24	230,155,134	80	209,149,132	209,149,132	0
01035EAC	03035EAC	Olav	Olav	NordRace	M	1	235,159,140	80	213,152,137	213,152,137	0
01035DFD	03035DFD	Dark09CeremonyGuard2	Imperial Legion Centurion	ImperialRace	M	1	187,117,75	80	175,119,85	175,119,85	0
01035DFB	03035DFB	Dark09CeremonyGuard	Imperial Legion Centurion	ImperialRace	M	1	187,117,75	80	175,119,85	175,119,85	0
01035DD6	03035DD6	Skrivva	S'Krivva	KhajiitRace	F	4	184,131,76	80	172,130,86	172,130,86	0
01035A18	03035A18	Arterion	Arterion	HighElfRace	M	1	213,180,78	80	195,169,87	195,169,87	0
01035A16	03035A16	MondrarHenim	Mondrar Henim	DarkElfRace	M	1	89,88,83	80	96,95,91	96,95,91	0
0103597B	0303597B	LeyawiinGuardEscortCount	Count's Bodyguard	ImperialRace	M	1	187,117,75	80	175,119,85	175,119,85	0
0103597A	0303597A	LeyawiinGuardEscortCountess	Countess' Bodyguard	ImperialRace	M	1	187,117,75	80	175,119,85	175,119,85	0
01035740	03035740	NewheimthePortly	Newheim the Portly	NordRace	M	1	235,159,140	80	213,152,137	213,152,137	0
01035728	03035728	DranasLerano	Dranas Lerano	DarkElfRace	M	1	89,88,83	80	96,95,91	96,95,91	0
01035727	03035727	StorntheBurly	Storn the Burly	NordRace	M	1	235,159,140	80	213,152,137	213,152,137	0
01035726	03035726	Aenvir	Aenvir	WoodElfRace	M	1	199,135,102	80	184,133,107	184,133,107	0
01035724	03035724	NorbertLelles	Norbert Lelles	BretonRace	M	2	225,161,115	80	205,154,117	205,154,117	0
0103571D	0303571D	ArvenaThelas	Arvena Thelas	DarkElfRace	F	24	84,84,78	80	92,92,87	92,92,87	0
01035703	03035703	Rizakar	Ri'Zakar	KhajiitRace	M	1	189,124,58	80	176,124,71	176,124,71	0
010356EC	030356EC	JeetumZe	Jeetum-Ze	ArgonianRace	M	38	101,56,33	80	106,70,51	106,70,51	0
010356CD	030356CD	AjumKajin	Ajum-Kajin	ArgonianRace	M	38	101,56,33	80	106,70,51	106,70,51	0
01035649	03035649	MercatorHosidus	Mercator Hosidus	ImperialRace	M	1	187,117,75	80	175,119,85	175,119,85	0
0103563B	0303563B	Amusei	Amusei	ArgonianRace	M	38	101,56,33	80	106,70,51	106,70,51	0
0103558B	0303558B	DeadArgonianAgent	Dead Argonian Agent	ArgonianRace	M	38	101,56,33	80	106,70,51	106,70,51	0
0103558A	0303558A	ScarTail	Scar-Tail	ArgonianRace	M	38	101,56,33	80	106,70,51	106,70,51	0
0103557A	0303557A	LeyawiinGuardCityPatrolNight01	Leyawiin City Watch	ImperialRace	M	1	187,117,75	80	175,119,85	175,119,85	0
01035572	03035572	LeyawiinGuardCityPatrolDay01	Leyawiin City Watch	ImperialRace	M	1	187,117,75	80	175,119,85	175,119,85	0
01035569	03035569	LeyawiinGuardCityPostNight03	Leyawiin City Watch	ImperialRace	M	1	187,117,75	80	175,119,85	175,119,85	0
01035564	03035564	LeyawiinGuardCityPatrolNight03	Leyawiin City Watch	ImperialRace	M	1	187,117,75	80	175,119,85	175,119,85	0
01035562	03035562	LeyawiinGuardCityPostDay03	Leyawiin City Watch	ImperialRace	M	1	187,117,75	80	175,119,85	175,119,85	0
01035552	03035552	LeyawiinGuardCityPatrolDay03	Leyawiin City Watch	ImperialRace	M	1	187,117,75	80	175,119,85	175,119,85	0
0103554F	0303554F	LeyawiinGuardCityPostNight02	Leyawiin City Watch	ImperialRace	M	1	187,117,75	80	175,119,85	175,119,85	0
0103554E	0303554E	LeyawiinGuardCityPostDay02	Leyawiin City Watch	ImperialRace	M	1	187,117,75	80	175,119,85	175,119,85	0
0103554D	0303554D	LeyawiinGuardCastlePostNight02	Leyawiin Guard	ImperialRace	M	1	187,117,75	80	175,119,85	175,119,85	0
0103554B	0303554B	LeyawiinGuardCastlePostDay01	Leyawiin Guard	ImperialRace	M	1	187,117,75	80	175,119,85	175,119,85	0
010353DF	030353DF	NoveniOthran	Noveni Othran	DarkElfRace	F	24	84,84,78	80	92,92,87	92,92,87	0
010353D6	030353D6	LeyawiinGuardCityPostNight01	Leyawiin City Watch	ImperialRace	M	1	187,117,75	80	175,119,85	175,119,85	0
010353D5	030353D5	LeyawiinGuardCityPostDay01	Leyawiin City Watch	ImperialRace	M	1	187,117,75	80	175,119,85	175,119,85	0
0103533E	0303533E	LeyawiinGuardCastlePostNight01	Leyawiin Guard	ImperialRace	M	1	187,117,75	80	175,119,85	175,119,85	0
010352B3	030352B3	Eletta	Eletta	RedguardRace	F	23	114,52,24	80	116,67,44	116,67,44	0
010352B1	030352B1	Zahrasha	Zahrasha	KhajiitRace	F	4	184,131,76	80	172,130,86	172,130,86	0
0103529A	0303529A	MyvrynaArano	Myvryna Arano	DarkElfRace	F	24	84,84,78	80	92,92,87	92,92,87	0
01034EB7	03034EB7	Bothiel	Bothiel	WoodElfRace	F	24	194,131,97	80	180,130,103	180,130,103	0
01034EB6	03034EB6	RenaldViernis	Renald Viernis	BretonRace	M	2	225,161,115	80	205,154,117	205,154,117	0
01034EB5	03034EB5	MartinaFloria	Martina Floria	ImperialRace	F	13	182,112,70	80	171,115,81	171,115,81	0
01034EB4	03034EB4	Delmar	Delmar	RedguardRace	M	1	119,56,30	80	120,70,49	120,70,49	0
01034EB3	03034EB3	BoderiFarano	Boderi Farano	DarkElfRace	F	24	84,84,78	80	92,92,87	92,92,87	0
01034EB2	03034EB2	TarMeena	Tar-Meena	ArgonianRace	F	16	81,64,40	80	90,76,57	90,76,57	0
01034EB1	03034EB1	GasparStegine	Gaspar Stegine	BretonRace	M	2	225,161,115	80	205,154,117	205,154,117	0
01034EB0	03034EB0	Borissean	Borissean	RedguardRace	M	1	119,56,30	80	120,70,49	120,70,49	0
01034EAF	03034EAF	JulienneFanis	Julienne Fanis	BretonRace	F	16	220,156,109	80	201,150,112	201,150,112	0
01034EAD	03034EAD	Caranya	Caranya	HighElfRace	F	24	208,176,73	80	191,166,83	191,166,83	0
01034EAB	03034EAB	IrlavJarol	Irlav Jarol	ImperialRace	M	1	187,117,75	80	175,119,85	175,119,85	0
01034E99	03034E99	Methredhel	Methredhel	WoodElfRace	F	24	194,131,97	80	180,130,103	180,130,103	0
01034E8D	03034E8D	HlidaraMothril	Hlidara Mothril	HighElfRace	F	24	208,176,73	80	191,166,83	191,166,83	0
01034E8C	03034E8C	AlessiaCaro	Countess Alessia Caro	ImperialRace	F	13	182,112,70	80	171,115,81	171,115,81	0
01034E8B	03034E8B	DecentiusOpsius	Decentius Opsius	ImperialRace	M	1	187,117,75	80	175,119,85	175,119,85	0
01034E8A	03034E8A	JulittaPlotius	Julitta Plotius	ImperialRace	F	13	182,112,70	80	171,115,81	171,115,81	0
01034E89	03034E89	BettoPlotius	Betto Plotius	ImperialRace	M	1	187,117,75	80	175,119,85	175,119,85	0
01034E88	03034E88	Otumeel	Otumeel	ArgonianRace	M	38	101,56,33	80	106,70,51	106,70,51	0
01034E87	03034E87	Ahdarji	Ahdarji	KhajiitRace	F	4	184,131,76	80	172,130,86	172,130,86	0
01034E86	03034E86	Cingor	Cingor	WoodElfRace	M	1	199,135,102	80	184,133,107	184,133,107	0
01034E85	03034E85	RaJahirr	Ra'Jahirr	KhajiitRace	M	1	189,124,58	80	176,124,71	176,124,71	0
01034E84	03034E84	Bejeen	Bejeen	ArgonianRace	F	16	81,64,40	80	90,76,57	90,76,57	0
01034E83	03034E83	WeebumNa	Weebam-Na	ArgonianRace	M	38	101,56,33	80	106,70,51	106,70,51	0
01034E82	03034E82	Eitar	Eitar	NordRace	M	1	235,159,140	80	213,152,137	213,152,137	0
01034E81	03034E81	Margarte	Margarte	NordRace	F	24	230,155,134	80	209,149,132	209,149,132	0
01034E7F	03034E7F	Mahei	Mahei	ArgonianRace	M	38	101,56,33	80	106,70,51	106,70,51	0
01034E7E	03034E7E	Numeen	Numeen	ArgonianRace	F	16	81,64,40	80	90,76,57	90,76,57	0
01034E7D	03034E7D	Geel	Geel	ArgonianRace	M	38	101,56,33	80	106,70,51	106,70,51	0
01034E7C	03034E7C	OleedEi	Oleed-Ei	ArgonianRace	M	38	101,56,33	80	106,70,51	106,70,51	0
01034E7B	03034E7B	Rana	Rana	ArgonianRace	F	16	81,64,40	80	90,76,57	90,76,57	0
01034E7A	03034E7A	JaFazir	Ja'Fazir	KhajiitRace	M	1	189,124,58	80	176,124,71	176,124,71	0
01034E78	03034E78	Tsrava	Tsrava	KhajiitRace	F	4	184,131,76	80	172,130,86	172,130,86	0
01034E77	03034E77	Jbari	J'bari	KhajiitRace	M	1	189,124,58	80	176,124,71	176,124,71	0
01034E76	03034E76	DarJee	Dar Jee	ArgonianRace	M	38	101,56,33	80	106,70,51	106,70,51	0
01034E73	03034E73	Sherina	Sherina	RedguardRace	F	23	114,52,24	80	116,67,44	116,67,44	0
01034E72	03034E72	Brodras	Brodras	WoodElfRace	M	1	199,135,102	80	184,133,107	184,133,107	0
01034E71	03034E71	LeyawiinGuardCastlePostDay02	Leyawiin Guard	ImperialRace	M	1	187,117,75	80	175,119,85	175,119,85	0
01034E6F	03034E6F	Tsavi	Tsavi	KhajiitRace	F	4	184,131,76	80	172,130,86	172,130,86	0
01034E6D	03034E6D	MariusCaro	Count Marius Caro	ImperialRace	M	1	187,117,75	80	175,119,85	175,119,85	0
01034E6C	03034E6C	KantavCheynoslin	Kantav Cheynoslin	ImperialRace	M	1	187,117,75	80	175,119,85	175,119,85	0
01034E6B	03034E6B	SilanaBlandia	Silana Blandia	ImperialRace	F	13	182,112,70	80	171,115,81	171,115,81	0
01034E6A	03034E6A	AvrusAdas	Avrus Adas	DarkElfRace	M	1	89,88,83	80	96,95,91	96,95,91	0
01034E69	03034E69	TunZeeus	Tun-Zeeus	ArgonianRace	M	38	101,56,33	80	106,70,51	106,70,51	0
01034E68	03034E68	Gundalas	Gundalas	WoodElfRace	M	1	199,135,102	80	184,133,107	184,133,107	0
01034E67	03034E67	Shomara	Shomara	KhajiitRace	F	4	184,131,76	80	172,130,86	172,130,86	0
01034E66	03034E66	Shamada	Shamada	KhajiitRace	F	4	184,131,76	80	172,130,86	172,130,86	0
01034E65	03034E65	Shuravi	Shuravi	KhajiitRace	F	4	184,131,76	80	172,130,86	172,130,86	0
01034E16	03034E16	HannibalTraven	Hannibal Traven	BretonRace	M	2	225,161,115	80	205,154,117	205,154,117	0
01034E15	03034E15	RaminusPolus	Raminus Polus	ImperialRace	M	1	187,117,75	80	175,119,85	175,119,85	0
01034870	03034870	ArmandChristophe	Armand Christophe	RedguardRace	M	1	119,56,30	80	120,70,49	120,70,49	0
0103486E	0303486E	HieronymusLex	Hieronymus Lex	ImperialRace	M	1	187,117,75	80	175,119,85	175,119,85	0
01033908	03033908	MankarCamoran	Mankar Camoran	HighElfRace	M	1	213,180,78	80	195,169,87	195,169,87	0
01033907	03033907	Martin	Brother Martin	ImperialRace	M	1	187,117,75	80	175,119,85	175,119,85	0
01033906	03033906	OnStayaSundew	On-Staya Sundew	ArgonianRace	F	16	81,64,40	80	90,76,57	90,76,57	0
01033905	03033905	Harrow	Harrow	DarkElfRace	M	1	89,88,83	80	96,95,91	96,95,91	0
01033904	03033904	MargueriteDiel	Marguerite Diel	BretonRace	F	16	220,156,109	80	201,150,112	201,150,112	0
01033900	03033900	Styrbjorn	Styrbjorn	NordRace	M	1	235,159,140	80	213,152,137	213,152,137	0
0102FB2B	0302FB2B	AdamusPhillida	Adamus Phillida	ImperialRace	M	1	187,117,75	80	175,119,85	175,119,85	0
0102D8C0	0302D8C0	Kalthar	Kalthar	NordRace	M	1	235,159,140	80	213,152,137	213,152,137	0
0103186C	0303186C	BarthelGernand	Barthel Gernand	BretonRace	M	2	225,161,115	80	205,154,117	205,154,117	0
01031869	03031869	CalliaBincal	Callia Bincal	BretonRace	F	16	220,156,109	80	201,150,112	201,150,112	0
01031867	03031867	AloysBincal	Aloys Bincal	ImperialRace	M	1	187,117,75	80	175,119,85	175,119,85	0
01031540	03031540	Mirisa	Mirisa	RedguardRace	F	23	114,52,24	80	116,67,44	116,67,44	0
01031317	03031317	GoblinJim	Goblin Jim	BretonRace	M	2	225,161,115	80	205,154,117	205,154,117	0
01030FDC	03030FDC	PerenniaDraconis	Perennia Draconis	ImperialRace	F	13	182,112,70	80	171,115,81	171,115,81	0
01030FDB	03030FDB	AndreasDraconis	Andreas Draconis	ImperialRace	M	1	187,117,75	80	175,119,85	175,119,85	0
01030FDA	03030FDA	MatthiasDraconis	Matthias Draconis	BretonRace	M	2	225,161,115	80	205,154,117	205,154,117	0
01030FD9	03030FD9	CaeliaDraconis	Caelia Draconis	ImperialRace	F	13	182,112,70	80	171,115,81	171,115,81	0
01030FD8	03030FD8	SibyllaDraconis	Sibylla Draconis	ImperialRace	F	13	182,112,70	80	171,115,81	171,115,81	0
01026093	03026093	MQ05AstavWirich	Astav Wirich	BretonRace	M	2	225,161,115	80	205,154,117	205,154,117	0
0100ABB5	0300ABB5	RavenCamoran	Raven Camoran	HighElfRace	M	1	213,180,78	80	195,169,87	195,169,87	0
010301C4	030301C4	Ungolim	Ungolim	WoodElfRace	M	1	199,135,102	80	184,133,107	184,133,107	0
010301AC	030301AC	HavilsteinHoarBlood	Havilstein Hoar-Blood	NordRace	M	1	235,159,140	80	213,152,137	213,152,137	0
01030196	03030196	AlvalUvani	Alval Uvani	DarkElfRace	M	1	89,88,83	80	96,95,91	96,95,91	0
0103018E	0303018E	Shaleez	Shaleez	ArgonianRace	F	16	81,64,40	80	90,76,57	90,76,57	0
01030148	03030148	JGhasta	J'Ghasta	KhajiitRace	M	1	189,124,58	80	176,124,71	176,124,71	0
0103001D	0303001D	Baurion	Baurion	BretonRace	M	2	225,161,115	80	205,154,117	205,154,117	0
0103001C	0303001C	Malene	Malene	NordRace	F	24	230,155,134	80	209,149,132	209,149,132	0
0102FF2A	0302FF2A	JeeTah	Jee-Tah	ArgonianRace	M	38	101,56,33	80	106,70,51	106,70,51	0
0102FD70	0302FD70	RoliandHanus	Roliand Hanus	ImperialRace	M	1	187,117,75	80	175,119,85	175,119,85	0
0102FD6E	0302FD6E	ArielleJurard	Arielle Jurard	BretonRace	F	16	220,156,109	80	201,150,112	201,150,112	0
0102F876	0302F876	Atraena	Atraena	HighElfRace	F	24	208,176,73	80	191,166,83	191,166,83	0
0102F875	0302F875	Faelian	Faelian	HighElfRace	M	1	213,180,78	80	195,169,87	195,169,87	0
0102F874	0302F874	AugustaCalidia	Augusta Calidia	ImperialRace	F	13	182,112,70	80	171,115,81	171,115,81	0
0102F86D	0302F86D	Ancotar	Ancotar	HighElfRace	M	1	213,180,78	80	195,169,87	195,169,87	0
0102F866	0302F866	UrnsiSerethi	Urnsi Serethi	DarkElfRace	F	24	84,84,78	80	92,92,87	92,92,87	0
0102F865	0302F865	AdosiSerethi	Adosi Serethi	DarkElfRace	F	24	84,84,78	80	92,92,87	92,92,87	0
0102F864	0302F864	DiramSerethi	Diram Serethi	DarkElfRace	M	1	89,88,83	80	96,95,91	96,95,91	0
0102F861	0302F861	ShagolgroBumph	Shagol gro-Bumph	OrcRace	M	1	103,111,45	80	107,114,61	107,114,61	0
0102F85F	0302F85F	Sakeepa	Sakeepa	ArgonianRace	M	38	101,56,33	80	106,70,51	106,70,51	0
0102DC08	0302DC08	Caminalda	Caminalda	HighElfRace	F	24	208,176,73	80	191,166,83	191,166,83	0
0102DC06	0302DC06	Kiara	Kiara	RedguardRace	F	23	114,52,24	80	116,67,44	116,67,44	0
0102DC04	0302DC04	ChristopheMarane	Christophe Marane	BretonRace	M	2	225,161,115	80	205,154,117	205,154,117	0
0102C623	0302C623	AzaniBlackheart	Azani Blackheart	RedguardRace	M	1	119,56,30	80	120,70,49	120,70,49	0
0102C0C6	0302C0C6	FrancoisMotierreFaked	Francois Motierre	BretonRace	M	2	225,161,115	80	205,154,117	205,154,117	0
0102C0C1	0302C0C1	SkingradCastleGuardPatrolDay01	Skingrad Guard	ImperialRace	M	1	187,117,75	80	175,119,85	175,119,85	0
0102C0BB	0302C0BB	SkingradCastleGuardPatrolNight01	Skingrad Guard	ImperialRace	M	1	187,117,75	80	175,119,85	175,119,85	0
0102C0B7	0302C0B7	SkingradCastleGuardJailorNight	Skingrad Jailor	ImperialRace	M	1	187,117,75	80	175,119,85	175,119,85	0
0102C0B6	0302C0B6	SkingradCastleGuardJailorDay	Skingrad Jailor	ImperialRace	M	1	187,117,75	80	175,119,85	175,119,85	0
0102C0EB	0302C0EB	ErissareArenim	Erissare Arenim	HighElfRace	F	24	208,176,73	80	191,166,83	191,166,83	0
0102F1FD	0302F1FD	SorisArenim	Soris Arenim	DarkElfRace	M	1	89,88,83	80	96,95,91	96,95,91	0
0102F10F	0302F10F	MQ04MythicDawnAgent05	Mythic Dawn Agent	BretonRace	M	2	225,161,115	80	205,154,117	205,154,117	0
0102F10B	0302F10B	MQ04MythicDawnAgent04	Mythic Dawn Agent	RedguardRace	F	23	114,52,24	80	116,67,44	116,67,44	0
0102F10A	0302F10A	MQ04MythicDawnAgent03	Mythic Dawn Agent	BretonRace	M	2	225,161,115	80	205,154,117	205,154,117	0
0102F108	0302F108	MQ04MythicDawnAgent02	Mythic Dawn Agent	ImperialRace	F	13	182,112,70	80	171,115,81	171,115,81	0
0102F101	0302F101	MQ04MythicDawnAgent01	Mythic Dawn Leader	DarkElfRace	M	1	89,88,83	80	96,95,91	96,95,91	0
0102E5C6	0302E5C6	HerminiaCinna	Herminia Cinna	ImperialRace	F	13	182,112,70	80	171,115,81	171,115,81	0
0102E5AF	0302E5AF	Vidkun	Vidkun	NordRace	M	1	235,159,140	80	213,152,137	213,152,137	0
0102E5DC	0302E5DC	DarkPrisonGuard05	Imperial Prison Guard	NordRace	M	1	235,159,140	80	213,152,137	213,152,137	0
0102E5DB	0302E5DB	DarkPrisonGuard04	Imperial Prison Guard	RedguardRace	M	1	119,56,30	80	120,70,49	120,70,49	0
0102E5D9	0302E5D9	DarkPrisonGuard02	Imperial Prison Guard	HighElfRace	M	1	213,180,78	80	195,169,87	195,169,87	0
0102E5D8	0302E5D8	DarkPrisonGuard01	Imperial Prison Guard	ImperialRace	M	1	187,117,75	80	175,119,85	175,119,85	0
0102DF5F	0302DF5F	DemoTestToddManDarkElf	Alban Justinius	ImperialRace	M	1	187,117,75	80	175,119,85	175,119,85	0
0102DF7A	0302DF7A	ValenDrethDark04	Valen Dreth	DarkElfRace	M	1	89,88,83	80	96,95,91	96,95,91	0
0102D6E6	0302D6E6	Erthor	Erthor	WoodElfRace	M	1	199,135,102	80	184,133,107	184,133,107	0
0102D701	0302D701	Sigrid	Sigrid	NordRace	F	24	230,155,134	80	209,149,132	209,149,132	0
0102D6FF	0302D6FF	Hirtel	Hirtel	HighElfRace	M	1	213,180,78	80	195,169,87	195,169,87	0
0102D6FD	0302D6FD	Athrelor	Athrelor	WoodElfRace	M	1	199,135,102	80	184,133,107	184,133,107	0
0102D6FB	0302D6FB	BatulgraSharob	Batul gra-Sharob	OrcRace	F	13	100,108,44	80	105,111,60	105,111,60	0
0102D6F9	0302D6F9	Tavia	Tavia	RedguardRace	F	23	114,52,24	80	116,67,44	116,67,44	0
0102D6F6	0302D6F6	Boldon	Boldon	RedguardRace	M	1	119,56,30	80	120,70,49	120,70,49	0
0102D6EE	0302D6EE	WeedumJa	Weedum-Ja	ArgonianRace	F	16	81,64,40	80	90,76,57	90,76,57	0
0102D6EC	0302D6EC	IlavDralgoner	Ilav Dralgoner	ImperialRace	M	1	187,117,75	80	175,119,85	175,119,85	0
0102D728	0302D728	GaltusPrevia	Galtus Previa	ImperialRace	M	1	187,117,75	80	175,119,85	175,119,85	0
0102D71F	0302D71F	ViranusDonton	Viranus Donton	ImperialRace	M	1	187,117,75	80	175,119,85	175,119,85	0
0102D3F2	0302D3F2	TestStealthGuyNotAlert	Stealth Test Guy -- Not Alert	ImperialRace	M	1	187,117,75	80	175,119,85	175,119,85	0
0102D3F1	0302D3F1	TestStealthGuyAlert	Stealth Test Guy -- Alert	ImperialRace	M	1	187,117,75	80	175,119,85	175,119,85	0
0102D028	0302D028	Agata	Agata	NordRace	F	24	230,155,134	80	209,149,132	209,149,132	0
0102D027	0302D027	AlvesUvenim	Alves Uvenim	DarkElfRace	F	24	84,84,78	80	92,92,87	92,92,87	0
0102D026	0302D026	Sdrassa	S'drassa	KhajiitRace	M	1	189,124,58	80	176,124,71	176,124,71	0
0102D025	0302D025	Uurwen	Uurwen	WoodElfRace	F	24	194,131,97	80	180,130,103	180,130,103	0
0102D024	0302D024	TrayvondtheRedguard	Trayvond the Redguard	RedguardRace	M	1	119,56,30	80	120,70,49	120,70,49	0
0102D023	0302D023	Eilonwy	Eilonwy	HighElfRace	F	24	208,176,73	80	191,166,83	191,166,83	0
0102D022	0302D022	Orintur	Orintur	HighElfRace	M	1	213,180,78	80	195,169,87	195,169,87	0
0102D021	0302D021	Deetsan	Deetsan	ArgonianRace	F	16	81,64,40	80	90,76,57	90,76,57	0
0102D020	0302D020	SelenaOrania	Selena Orania	ImperialRace	F	13	182,112,70	80	171,115,81	171,115,81	0
0102D01F	0302D01F	Volanaro	Volanaro	HighElfRace	M	1	213,180,78	80	195,169,87	195,169,87	0
0102D01E	0302D01E	Jskar	J'skar	KhajiitRace	M	1	189,124,58	80	176,124,71	176,124,71	0
0102D01D	0302D01D	Aryarie	Aryarie	HighElfRace	F	24	208,176,73	80	191,166,83	191,166,83	0
0102D01C	0302D01C	ItaRienus	Ita Rienus	ImperialRace	F	13	182,112,70	80	171,115,81	171,115,81	0
0102D01B	0302D01B	Ardaline	Ardaline	HighElfRace	F	24	208,176,73	80	191,166,83	191,166,83	0
0102D01A	0302D01A	MarcGulitte	Marc Gulitte	BretonRace	M	2	225,161,115	80	205,154,117	205,154,117	0
0102D019	0302D019	FelenRelas	Felen Relas	DarkElfRace	M	1	89,88,83	80	96,95,91	96,95,91	0
0102D018	0302D018	Thaurron	Thaurron	WoodElfRace	M	1	199,135,102	80	184,133,107	184,133,107	0
0102CD22	0302CD22	Dagail	Dagail	WoodElfRace	F	24	194,131,97	80	180,130,103	180,130,103	0
0102CD21	0302CD21	Falcar	Falcar	HighElfRace	M	1	213,180,78	80	195,169,87	195,169,87	0
0102CD20	0302CD20	JeanneFrasoric	Jeanne Frasoric	BretonRace	F	16	220,156,109	80	201,150,112	201,150,112	0
0102CD1F	0302CD1F	KudEi	Kud-Ei	ArgonianRace	F	16	81,64,40	80	90,76,57	90,76,57	0
0102CD1E	0302CD1E	Carahil	Carahil	HighElfRace	F	24	208,176,73	80	191,166,83	191,166,83	0
0102CB2D	0302CB2D	DelphineJend	Delphine Jend	BretonRace	F	16	220,156,109	80	201,150,112	201,150,112	0
0102CA37	0302CA37	HenantierDream	Henantier	HighElfRace	M	1	213,180,78	80	195,169,87	195,169,87	0
0102CA36	0302CA36	Droshanji	Dro'shanji	KhajiitRace	M	1	189,124,58	80	176,124,71	176,124,71	0
0102CA35	0302CA35	Henantier	Henantier	HighElfRace	M	1	213,180,78	80	195,169,87	195,169,87	0
0102C8D8	0302C8D8	Witseidutsei	Witseidutsei	ArgonianRace	F	16	81,64,40	80	90,76,57	90,76,57	0
0102C7C7	0302C7C7	VantusPrelius	Vantus Prelius	ImperialRace	M	1	187,117,75	80	175,119,85	175,119,85	0
0102C7C6	0302C7C6	Rellian	Rellian	RedguardRace	M	1	119,56,30	80	120,70,49	120,70,49	0
0102C7C5	0302C7C5	DubokgroShagk	Dubok gro-Shagk	OrcRace	M	1	103,111,45	80	107,114,61	107,114,61	0
0102AF42	0302AF42	BrucetusFestinius	Brucetus Festinius	BretonRace	M	2	225,161,115	80	205,154,117	205,154,117	0
0102AF3E	0302AF3E	Srazirr	S'razirr	KhajiitRace	M	1	189,124,58	80	176,124,71	176,124,71	0
0102AF3C	0302AF3C	Rigmor	Rigmor	NordRace	F	24	230,155,134	80	209,149,132	209,149,132	0
0102AF05	0302AF05	ClaudeMaric	Claude Maric	BretonRace	M	2	225,161,115	80	205,154,117	205,154,117	0
0102AE7D	0302AE7D	DarkPirate3	Pirate	ImperialRace	M	1	187,117,75	80	175,119,85	175,119,85	0
0102AE7C	0302AE7C	DarkPirate2	Pirate	RedguardRace	M	1	119,56,30	80	120,70,49	120,70,49	0
0102AE7B	0302AE7B	DarkPirate1	Pirate	BretonRace	M	2	225,161,115	80	205,154,117	205,154,117	0
0102AD83	0302AD83	TestChappyCombatGuy	Test Guy	ImperialRace	F	13	182,112,70	80	171,115,81	171,115,81	0
0102ACD2	0302ACD2	ArenaBlueCombatant	Blue Team Combatant	ImperialRace	M	1	187,117,75	80	175,119,85	175,119,85	0
0102ACD1	0302ACD1	ArenaYellowCombatant	Yellow Team Combatant	ImperialRace	F	13	182,112,70	80	171,115,81	171,115,81	0
0102ACC4	0302ACC4	ChorrolGuardPostNight03	Chorrol Guard	ImperialRace	M	1	187,117,75	80	175,119,85	175,119,85	0
0102ACC3	0302ACC3	ChorrolGuardPostDay01	Chorrol Guard	ImperialRace	M	1	187,117,75	80	175,119,85	175,119,85	0
0102AB55	0302AB55	TestJuanDummy	Lackey	OrcRace	M	1	103,111,45	80	107,114,61	107,114,61	0
01028C80	03028C80	ChorrolGuardJailorNight	Chorrol Jailor	ImperialRace	M	1	187,117,75	80	175,119,85	175,119,85	0
01028C7F	03028C7F	ChorrolGuardJailorDay	Chorrol Jailor	ImperialRace	M	1	187,117,75	80	175,119,85	175,119,85	0
0102BA47	0302BA47	FathisUles	Fathis Ules	DarkElfRace	M	1	89,88,83	80	96,95,91	96,95,91	0
0102B7D2	0302B7D2	TestPrinceHumperdinck	Prince Humperdinck	HighElfRace	M	1	213,180,78	80	195,169,87	195,169,87	0
0102B7D0	0302B7D0	TestCountTyroneRugen	Count Tyrone Rugen	DarkElfRace	M	1	89,88,83	80	96,95,91	96,95,91	0
0102B7CE	0302B7CE	TestInigoMontoya	Inigo Montoya	ImperialRace	M	1	187,117,75	80	175,119,85	175,119,85	0
0102B5EB	0302B5EB	SuriusAfranius	Surius Afranius	ImperialRace	M	1	187,117,75	80	175,119,85	175,119,85	0
0102B5EA	0302B5EA	Usheeja	Usheeja	ArgonianRace	M	38	101,56,33	80	106,70,51	106,70,51	0
0102B529	0302B529	CollatinusVedius	Collatinus Vedius	ImperialRace	M	1	187,117,75	80	175,119,85	175,119,85	0
0102B528	0302B528	UmoggraMarad	Umog gra-Marad	OrcRace	F	13	100,108,44	80	105,111,60	105,111,60	0
0102AB4E	0302AB4E	Umbacano	Umbacano	HighElfRace	M	1	213,180,78	80	195,169,87	195,169,87	0
0102AB4C	0302AB4C	Jollring	Jollring	NordRace	M	1	235,159,140	80	213,152,137	213,152,137	0
0102996D	0302996D	ArenaRank6E	Yellow Team Pit Dog	DarkElfRace	F	24	84,84,78	80	92,92,87	92,92,87	0
0102996C	0302996C	ArenaRank6C	Yellow Team Bloodletter	DarkElfRace	M	1	89,88,83	80	96,95,91	96,95,91	0
0102996B	0302996B	ArenaRank6D	Yellow Team Champion	NordRace	F	24	230,155,134	80	209,149,132	209,149,132	0
01029969	03029969	ArenaRank6B	Yellow Team Hero	HighElfRace	M	1	213,180,78	80	195,169,87	195,169,87	0
01029968	03029968	ArenaRank6A	Yellow Team Hero	ImperialRace	M	1	187,117,75	80	175,119,85	175,119,85	0
0102994E	0302994E	ArenaRank5E	Yellow Team Gladiator	BretonRace	M	2	225,161,115	80	205,154,117	205,154,117	0
01029948	03029948	ArenaRank5D	Yellow Team Gladiator	KhajiitRace	M	1	189,124,58	80	176,124,71	176,124,71	0
01029947	03029947	ArenaRank5C	Yellow Team Gladiator	ArgonianRace	M	38	101,56,33	80	106,70,51	106,70,51	0
01029946	03029946	ArenaRank5B	Yellow Team Gladiator	ArgonianRace	F	16	81,64,40	80	90,76,57	90,76,57	0
01029945	03029945	ArenaRank5A	Yellow Team Gladiator	ArgonianRace	M	38	101,56,33	80	106,70,51	106,70,51	0
01029944	03029944	ArenaRank4C	Yellow Team Warrior	OrcRace	F	13	100,108,44	80	105,111,60	105,111,60	0
01029939	03029939	ArenaRank4B	Yellow Team Warrior	HighElfRace	F	24	208,176,73	80	191,166,83	191,166,83	0
01029938	03029938	ArenaRank4A	Yellow Team Warrior	NordRace	F	24	230,155,134	80	209,149,132	209,149,132	0
01029912	03029912	ArenaRank3C	Yellow Team Myrmidon	OrcRace	M	1	103,111,45	80	107,114,61	107,114,61	0
01029911	03029911	ArenaRank3B	Yellow Team Myrmidon	HighElfRace	F	24	208,176,73	80	191,166,83	191,166,83	0
01029910	03029910	ArenaRank3A	Yellow Team Myrmidon	WoodElfRace	M	1	199,135,102	80	184,133,107	184,133,107	0
0102990A	0302990A	ArenaRank2C	Yellow Team Bloodletter	DarkElfRace	M	1	89,88,83	80	96,95,91	96,95,91	0
01029909	03029909	ArenaRank2B	Yellow Team Bloodletter	BretonRace	F	16	220,156,109	80	201,150,112	201,150,112	0
01029908	03029908	ArenaRank2A	Yellow Team Bloodletter	RedguardRace	M	1	119,56,30	80	120,70,49	120,70,49	0
01029234	03029234	ArenaRank1D	Yellow Team Brawler	KhajiitRace	M	1	189,124,58	80	176,124,71	176,124,71	0
01029233	03029233	ArenaRank1B	Yellow Team Brawler	WoodElfRace	F	24	194,131,97	80	180,130,103	180,130,103	0
01029232	03029232	ArenaRank1C	Yellow Team Brawler	WoodElfRace	F	24	194,131,97	80	180,130,103	180,130,103	0
01029231	03029231	ArenaRank1A	Yellow Team Brawler	NordRace	M	1	235,159,140	80	213,152,137	213,152,137	0
0102A2B3	0302A2B3	ArenaRank0C	Yellow Team Pit Dog	ArgonianRace	M	38	101,56,33	80	106,70,51	106,70,51	0
0102A2B1	0302A2B1	ArenaRank0A	Yellow Team Pit Dog	WoodElfRace	F	24	194,131,97	80	180,130,103	180,130,103	0
0102A2AE	0302A2AE	ArenaRank0B	Yellow Team Pit Dog	ImperialRace	M	1	187,117,75	80	175,119,85	175,119,85	0
01029D75	03029D75	Hundolin	Hundolin	WoodElfRace	M	1	199,135,102	80	184,133,107	184,133,107	0
01029916	03029916	TestHelmetHead2	NormalHead	ImperialRace	M	1	187,117,75	80	175,119,85	175,119,85	0
01029915	03029915	TestHelmetHead	Widehead	ImperialRace	M	1	187,117,75	80	175,119,85	175,119,85	0
0102991E	0302991E	BrotchCalus	Brotch Calus	ImperialRace	M	1	187,117,75	80	175,119,85	175,119,85	0
0102991C	0302991C	VaronVamori	Varon Vamori	DarkElfRace	M	1	89,88,83	80	96,95,91	96,95,91	0
0102991A	0302991A	TimotheeLaRouche	Timothee LaRouche	BretonRace	M	2	225,161,115	80	205,154,117	205,154,117	0
0102952D	0302952D	Ruma	Ruma Camoran	HighElfRace	F	24	208,176,73	80	191,166,83	191,166,83	0
0102950A	0302950A	AdrienneBerene	Adrienne Berene	BretonRace	F	16	220,156,109	80	201,150,112	201,150,112	0
010294CC	030294CC	Tamika	Tamika	RedguardRace	F	23	114,52,24	80	116,67,44	116,67,44	0
010294C3	030294C3	Glarthir	Glarthir	WoodElfRace	M	1	199,135,102	80	184,133,107	184,133,107	0
010294C0	030294C0	GastonSurilie	Gaston Surilie	BretonRace	M	2	225,161,115	80	205,154,117	205,154,117	0
010294BF	030294BF	DavideSurilie	Davide Surilie	BretonRace	M	2	225,161,115	80	205,154,117	205,154,117	0
010294B7	030294B7	Shameer	Shameer	RedguardRace	M	1	119,56,30	80	120,70,49	120,70,49	0
010294AF	030294AF	BernadettePeneles	Bernadette Peneles	BretonRace	F	16	220,156,109	80	201,150,112	201,150,112	0
010294A2	030294A2	RemanBroder	Reman Broder	ImperialRace	M	1	187,117,75	80	175,119,85	175,119,85	0
01029495	03029495	Salmo	Salmo	HighElfRace	M	1	213,180,78	80	195,169,87	195,169,87	0
010293F7	030293F7	ToutiusSextius	Toutius Sextius	ImperialRace	M	1	187,117,75	80	175,119,85	175,119,85	0
010293F3	030293F3	ViggetheCautious	Vigge the Cautious	NordRace	M	1	235,159,140	80	213,152,137	213,152,137	0
010293EE	030293EE	Druja	Druja	ArgonianRace	F	16	81,64,40	80	90,76,57	90,76,57	0
010293ED	030293ED	SulinusVassinus	Sulinus Vassinus	ImperialRace	M	1	187,117,75	80	175,119,85	175,119,85	0
010293E4	030293E4	Parwen	Parwen	WoodElfRace	F	24	194,131,97	80	180,130,103	180,130,103	0
010293DB	030293DB	FadusCalidius	Fadus Calidius	ImperialRace	M	1	187,117,75	80	175,119,85	175,119,85	0
010293D5	030293D5	AhMalz	Ah-Malz	ArgonianRace	M	38	101,56,33	80	106,70,51	106,70,51	0
010293AB	030293AB	SkingradGuardPostNight03	Skingrad Guard	ImperialRace	M	1	187,117,75	80	175,119,85	175,119,85	0
010293AA	030293AA	SkingradGuardPatrolNight01	Skingrad Guard	ImperialRace	M	1	187,117,75	80	175,119,85	175,119,85	0
010293A9	030293A9	SkingradGuardPostNight04	Skingrad Guard	ImperialRace	M	1	187,117,75	80	175,119,85	175,119,85	0
01029398	03029398	SkingradGuardPostDay03	Skingrad Guard	ImperialRace	M	1	187,117,75	80	175,119,85	175,119,85	0
01029397	03029397	SkingradGuardPatrolDay01	Skingrad Guard	ImperialRace	M	1	187,117,75	80	175,119,85	175,119,85	0
01029396	03029396	SkingradGuardPostDay04	Skingrad Guard	ImperialRace	M	1	187,117,75	80	175,119,85	175,119,85	0
01029394	03029394	SkingradGuardPostNight02	Skingrad Guard	ImperialRace	M	1	187,117,75	80	175,119,85	175,119,85	0
0102938E	0302938E	SkingradGuardPostNight01	Skingrad Guard	ImperialRace	M	1	187,117,75	80	175,119,85	175,119,85	0
01029389	03029389	SkingradGuardPostDay02	Skingrad Guard	ImperialRace	M	1	187,117,75	80	175,119,85	175,119,85	0
0102937E	0302937E	SkingradGuardPostDay01	Skingrad Guard	ImperialRace	M	1	187,117,75	80	175,119,85	175,119,85	0
01029379	03029379	SkingradCastleGuardPostNight02	Skingrad Guard	ImperialRace	M	1	187,117,75	80	175,119,85	175,119,85	0
01029373	03029373	SkingradCastleGuardPostNight01	Skingrad Guard	ImperialRace	M	1	187,117,75	80	175,119,85	175,119,85	0
01029372	03029372	SkingradCastleGuardPostDay02	Skingrad Guard	ImperialRace	M	1	187,117,75	80	175,119,85	175,119,85	0
01028FBB	03028FBB	SkingradCastleGuardPostDay01	Skingrad Guard	ImperialRace	M	1	187,117,75	80	175,119,85	175,119,85	0
01028FB9	03028FB9	DanusArtellian	Danus Artellian	ImperialRace	M	1	187,117,75	80	175,119,85	175,119,85	0
01028FB7	03028FB7	VandorallenTrebatius	Vandorallen Trebatius	ImperialRace	M	1	187,117,75	80	175,119,85	175,119,85	0
01028FB6	03028FB6	ShumgroYarug	Shum gro-Yarug	OrcRace	M	1	103,111,45	80	107,114,61	107,114,61	0
01028FB2	03028FB2	Dion	Dion	ImperialRace	M	1	187,117,75	80	175,119,85	175,119,85	0
01028FB0	03028FB0	HalLiurz	Hal-Liurz	ArgonianRace	F	16	81,64,40	80	90,76,57	90,76,57	0
01028FAE	03028FAE	JanusHassildor	Janus Hassildor	ImperialRace	M	1	187,117,75	80	175,119,85	175,119,85	0
01028FAC	03028FAC	Neesha	Neesha	RedguardRace	F	23	114,52,24	80	116,67,44	116,67,44	0
01028FA9	03028FA9	UlmuggroCromgog	Ulmug gro-Cromgog	OrcRace	M	1	103,111,45	80	107,114,61	107,114,61	0
01028FA7	03028FA7	Laenafil	Laenafil	WoodElfRace	F	24	194,131,97	80	180,130,103	180,130,103	0
01028FA6	03028FA6	GerardMelie	Gerard Melie	BretonRace	M	2	225,161,115	80	205,154,117	205,154,117	0
01028FA4	03028FA4	Roderick	Roderick	RedguardRace	M	1	119,56,30	80	120,70,49	120,70,49	0
01028FA1	03028FA1	ValandrusAbor	Valandrus Abor	ImperialRace	M	1	187,117,75	80	175,119,85	175,119,85	0
01028F9F	03028F9F	MariePalielle	Marie Palielle	BretonRace	F	16	220,156,109	80	201,150,112	201,150,112	0
01028F9D	03028F9D	Tumindil	Tumindil	HighElfRace	M	1	213,180,78	80	195,169,87	195,169,87	0
01028F9B	03028F9B	AgnetethePickled	Agnete the Pickled	NordRace	F	24	230,155,134	80	209,149,132	209,149,132	0
01028F98	03028F98	Gunder	Gunder	NordRace	M	1	235,159,140	80	213,152,137	213,152,137	0
01028F96	03028F96	ElseGodHater	Else God-Hater	NordRace	F	24	230,155,134	80	209,149,132	209,149,132	0
01028F92	03028F92	GraklakgroBuglump	Graklak gro-Buglump	OrcRace	M	1	103,111,45	80	107,114,61	107,114,61	0
01028F90	03028F90	ErinaJeranus	Erina Jeranus	ImperialRace	F	13	182,112,70	80	171,115,81	171,115,81	0
01028F8D	03028F8D	UgakgraMogakh	Ugak gra-Mogakh	OrcRace	F	13	100,108,44	80	105,111,60	105,111,60	0
01028F8C	03028F8C	MoggraMogakh	Mog gra-Mogakh	OrcRace	F	13	100,108,44	80	105,111,60	105,111,60	0
01028E84	03028E84	UurastheShepherd	Uuras the Shepherd	WoodElfRace	M	1	199,135,102	80	184,133,107	184,133,107	0
01028E7D	03028E7D	UndenaOrethi	Undena Orethi	DarkElfRace	F	24	84,84,78	80	92,92,87	92,92,87	0
01028E75	03028E75	AmbroiseCanne	Ambroise Canne	BretonRace	M	2	225,161,115	80	205,154,117	205,154,117	0
01028E73	03028E73	FalanuHlaalu	Falanu Hlaalu	DarkElfRace	F	24	84,84,78	80	92,92,87	92,92,87	0
01028E72	03028E72	LazareMilvan	Lazare Milvan	BretonRace	M	2	225,161,115	80	205,154,117	205,154,117	0
010280CC	030280CC	NatchPinder	Natch Pinder	ImperialRace	M	1	187,117,75	80	175,119,85	175,119,85	0
010280CB	030280CB	MarlenaBrussiner	Marlena Brussiner	ImperialRace	F	13	182,112,70	80	171,115,81	171,115,81	0
010280CA	030280CA	JivHiriel	Jiv Hiriel	ImperialRace	M	1	187,117,75	80	175,119,85	175,119,85	0
010280C9	030280C9	DarMa	Dar-Ma	ArgonianRace	F	16	81,64,40	80	90,76,57	90,76,57	0
010280C8	030280C8	VlanhonderMoslin	Vlanhonder Moslin	ImperialRace	M	1	187,117,75	80	175,119,85	175,119,85	0
010280C7	030280C7	EtiraMoslin	Etira Moslin	ImperialRace	F	13	182,112,70	80	171,115,81	171,115,81	0
010280C6	030280C6	HackdirtBrethrenMonster	Hackdirt Brethren	ImperialRace	M	1	187,117,75	80	175,119,85	175,119,85	0
01028036	03028036	BerichInian	Berich Inian	ImperialRace	M	1	187,117,75	80	175,119,85	175,119,85	0
01028035	03028035	Merandil	Merandil	HighElfRace	M	1	213,180,78	80	195,169,87	195,169,87	0
01028034	03028034	Tierra	Tierra	RedguardRace	F	23	114,52,24	80	116,67,44	116,67,44	0
0102800B	0302800B	JesanRilian	Jesan Rilian	ImperialRace	M	1	187,117,75	80	175,119,85	175,119,85	0
01028007	03028007	SavlianMatius	Savlian Matius	ImperialRace	M	1	187,117,75	80	175,119,85	175,119,85	0
01027FCD	03027FCD	Testguard	Guard	ImperialRace	M	1	187,117,75	80	175,119,85	175,119,85	0
01027F95	03027F95	BragGroBharg	Brag gro-Bharg	OrcRace	M	1	103,111,45	80	107,114,61	107,114,61	0
01027F94	03027F94	Rienna	Rienna	RedguardRace	F	23	114,52,24	80	116,67,44	116,67,44	0
01027F93	03027F93	Elidor	Elidor	HighElfRace	M	1	213,180,78	80	195,169,87	195,169,87	0
01027E03	03027E03	TestCaldwynTrespass	Caldwyn	ImperialRace	M	1	187,117,75	80	175,119,85	175,119,85	0
010277D5	030277D5	MatildePetit	Matilde Petit	BretonRace	F	16	220,156,109	80	201,150,112	201,150,112	0
010277D4	030277D4	NelsTheNaughty	Nels the Naughty	NordRace	M	1	235,159,140	80	213,152,137	213,152,137	0
010277D3	030277D3	PrimoAntonius	Primo Antonius	ImperialRace	M	1	187,117,75	80	175,119,85	175,119,85	0
010277D2	030277D2	DovesiDran	Dovesi Dran	DarkElfRace	F	24	84,84,78	80	92,92,87	92,92,87	0
010277D1	030277D1	Neville	Neville	RedguardRace	M	1	119,56,30	80	120,70,49	120,70,49	0
010274CC	030274CC	TestArena02	Arena Champion	ImperialRace	M	1	187,117,75	80	175,119,85	175,119,85	0
010274CB	030274CB	TestArena01	Arena Contestant	ImperialRace	F	13	182,112,70	80	171,115,81	171,115,81	0
01024616	03024616	TestORMale	Test Imperial	ImperialRace	M	1	187,117,75	80	175,119,85	175,119,85	0
01024615	03024615	testHEMale2	Test High Elf	HighElfRace	M	1	213,180,78	80	195,169,87	195,169,87	0
010245A6	030245A6	TestIMMale	IMMale	ImperialRace	M	1	187,117,75	80	175,119,85	175,119,85	0
010245A5	030245A5	testHEMale	HEMale	HighElfRace	M	1	213,180,78	80	195,169,87	195,169,87	0
01025D04	03025D04	TestMadmartigan	Will Fight Always, Never Flee	WoodElfRace	M	1	199,135,102	80	184,133,107	184,133,107	0
0102576B	0302576B	ThulsaDoom	Thulsa Doom	ImperialRace	M	1	187,117,75	80	175,119,85	175,119,85	0
01025350	03025350	TestDeweyDecimal	Dewey Decimal	ImperialRace	M	1	187,117,75	80	175,119,85	175,119,85	0
01025299	03025299	GastonTussaud	Gaston Tussaud	BretonRace	M	2	225,161,115	80	205,154,117	205,154,117	0
01025266	03025266	TestDenyiir	Denyiir	ImperialRace	M	1	187,117,75	80	175,119,85	175,119,85	0
01025264	03025264	TestBelgarr	Belgarr	ImperialRace	M	1	187,117,75	80	175,119,85	175,119,85	0
01025237	03025237	TestBruce	Bruce	ImperialRace	M	1	187,117,75	80	175,119,85	175,119,85	0
01025236	03025236	TestCharactersMaleskeleton		ImperialRace	M	1	187,117,75	80	175,119,85	175,119,85	0
01025200	03025200	ValenDreth	Valen Dreth	DarkElfRace	M	1	89,88,83	80	96,95,91	96,95,91	0
010251CE	030251CE	Telaendril	Telaendril	WoodElfRace	F	24	194,131,97	80	180,130,103	180,130,103	0
0102349F	0302349F	Renote	Captain Renault	BretonRace	F	16	220,156,109	80	201,150,112	201,150,112	0
01023FEA	03023FEA	MachNa	Mach-Na	ArgonianRace	F	16	81,64,40	80	90,76,57	90,76,57	0
01024167	03024167	BurzGroKhash	Burz gro-Khash	OrcRace	M	1	103,111,45	80	107,114,61	107,114,61	0
01024166	03024166	Azzan	Azzan	RedguardRace	M	1	119,56,30	80	120,70,49	120,70,49	0
01024165	03024165	Maglir	Maglir	WoodElfRace	M	1	199,135,102	80	184,133,107	184,133,107	0
01023F2E	03023F2E	UrielSeptim	Emperor Uriel Septim	ImperialRace	M	1	187,117,75	80	175,119,85	175,119,85	0
01023F2B	03023F2B	Glenroy	Glenroy	ImperialRace	M	1	187,117,75	80	175,119,85	175,119,85	0
01023F2A	03023F2A	Baurus	Baurus	RedguardRace	M	1	119,56,30	80	120,70,49	120,70,49	0
01023F0C	03023F0C	Gromm	Gromm	NordRace	M	1	235,159,140	80	213,152,137	213,152,137	0
01023F0B	03023F0B	Baenlin	Baenlin	WoodElfRace	M	1	199,135,102	80	184,133,107	184,133,107	0
01023E86	03023E86	GuilbertJemane	Guilbert Jemane	BretonRace	M	2	225,161,115	80	205,154,117	205,154,117	0
01023E39	03023E39	VicenteValtieri	Vicente Valtieri	BretonRace	M	2	225,161,115	80	205,154,117	205,154,117	0
01023E38	03023E38	GogrongroBolmog	Gogron gro-Bolmog	OrcRace	M	1	103,111,45	80	107,114,61	107,114,61	0
01023E36	03023E36	AntoinettaMarie	Antoinetta Marie	BretonRace	F	16	220,156,109	80	201,150,112	201,150,112	0
01023E35	03023E35	MraajDar	M'raaj-Dar	KhajiitRace	M	1	189,124,58	80	176,124,71	176,124,71	0
01023E34	03023E34	Teinaava	Teinaava	ArgonianRace	M	38	101,56,33	80	106,70,51	106,70,51	0
01023DE6	03023DE6	LutherBroad	Luther Broad	ImperialRace	M	1	187,117,75	80	175,119,85	175,119,85	0
01023DB8	03023DB8	TestConanLibrarian	Will flee when losing	ImperialRace	M	1	187,117,75	80	175,119,85	175,119,85	0
010224F0	030224F0	Rufio	Rufio	BretonRace	M	2	225,161,115	80	205,154,117	205,154,117	0
010224EF	030224EF	Minerva	Minerva	RedguardRace	F	23	114,52,24	80	116,67,44	116,67,44	0
010224EE	030224EE	ManheimMaulhand	Manheim Maulhand	NordRace	M	1	235,159,140	80	213,152,137	213,152,137	0
010224ED	030224ED	LucienLachance	Lucien Lachance	ImperialRace	M	1	187,117,75	80	175,119,85	175,119,85	0
010224EC	030224EC	Ocheeva	Ocheeva	ArgonianRace	F	16	81,64,40	80	90,76,57	90,76,57	0
010224E2	030224E2	Earana	Earana	HighElfRace	F	24	208,176,73	80	191,166,83	191,166,83	0
01022466	03022466	Gwinas	Gwinas	WoodElfRace	M	1	199,135,102	80	184,133,107	184,133,107	0
010223AF	030223AF	Eronor	Eronor	DarkElfRace	M	1	89,88,83	80	96,95,91	96,95,91	0
010223AD	030223AD	BrotherPiner	Brother Piner	ImperialRace	M	1	187,117,75	80	175,119,85	175,119,85	0
010223AB	030223AB	PriorMaborel	Prior Maborel	BretonRace	M	2	225,161,115	80	205,154,117	205,154,117	0
01023D7E	03023D7E	TestLonelyman	Lonely Man	ImperialRace	M	1	187,117,75	80	175,119,85	175,119,85	0
01023999	03023999	Jauffre	Jauffre	BretonRace	M	2	225,161,115	80	205,154,117	205,154,117	0
010234C1	030234C1	VilenaDonton	Vilena Donton	ImperialRace	F	13	182,112,70	80	171,115,81	171,115,81	0
010234C0	030234C0	ModrynOreyn	Modryn Oreyn	DarkElfRace	M	1	89,88,83	80	96,95,91	96,95,91	0
010234BF	030234BF	LumgroBaroth	Lum gro-Baroth	OrcRace	M	1	103,111,45	80	107,114,61	107,114,61	0
010234BE	030234BE	KurzgroBaroth	Kurz gro-Baroth	OrcRace	M	1	103,111,45	80	107,114,61	107,114,61	0
010234BD	030234BD	SabineLaul	Sabine Laul	BretonRace	F	16	220,156,109	80	201,150,112	201,150,112	0
010234BC	030234BC	Teekeeus	Teekeeus	ArgonianRace	M	38	101,56,33	80	106,70,51	106,70,51	0
010234BB	030234BB	Angalmo	Angalmo	HighElfRace	M	1	213,180,78	80	195,169,87	195,169,87	0
010234BA	030234BA	Athragar	Athragar	WoodElfRace	M	1	199,135,102	80	184,133,107	184,133,107	0
010234B9	030234B9	Honditar	Honditar	HighElfRace	M	1	213,180,78	80	195,169,87	195,169,87	0
010234B8	030234B8	SeedNeeus	Seed-Neeus	ArgonianRace	F	16	81,64,40	80	90,76,57	90,76,57	0
010234B7	030234B7	Emfrid	Emfrid	NordRace	F	24	230,155,134	80	209,149,132	209,149,132	0
010234B6	030234B6	Bongond	Bongond	DarkElfRace	M	1	89,88,83	80	96,95,91	96,95,91	0
010234B5	030234B5	GaturngroGonk	Gaturn gro-Gonk	OrcRace	M	1	103,111,45	80	107,114,61	107,114,61	0
010234B4	030234B4	Talasma	Talasma	KhajiitRace	F	4	184,131,76	80	172,130,86	172,130,86	0
010234B3	030234B3	HidesHisHeart	Hides-His-Heart	ArgonianRace	M	38	101,56,33	80	106,70,51	106,70,51	0
010234B2	030234B2	Wallace	Wallace	RedguardRace	M	1	119,56,30	80	120,70,49	120,70,49	0
010234B1	030234B1	HomrazgraMorgrump	Homraz gra Morgrump	OrcRace	F	13	100,108,44	80	105,111,60	105,111,60	0
010234B0	030234B0	EstelleRenoit	Estelle Renoit	BretonRace	F	16	220,156,109	80	201,150,112	201,150,112	0
010234AF	030234AF	Rasheda	Rasheda	RedguardRace	F	23	114,52,24	80	116,67,44	116,67,44	0
010234AE	030234AE	OraggraBargol	Orag gra-Bargol	OrcRace	F	13	100,108,44	80	105,111,60	105,111,60	0
010234AD	030234AD	GureryneSelvilo	Gureryne Selvilo	DarkElfRace	M	1	89,88,83	80	96,95,91	96,95,91	0
010234AC	030234AC	JirolinDoran	Jirolin Doran	ImperialRace	M	1	187,117,75	80	175,119,85	175,119,85	0
010234AB	030234AB	OtiusLoran	Otius Loran	ImperialRace	M	1	187,117,75	80	175,119,85	175,119,85	0
010234AA	030234AA	ArrianaValga	Countess Arriana Valga	ImperialRace	F	13	182,112,70	80	171,115,81	171,115,81	0
010234A9	030234A9	ChorrolGuardCountess	Countess' Bodyguard	ImperialRace	M	1	187,117,75	80	175,119,85	175,119,85	0
010234A8	030234A8	OrokgroGhoth	Orok gro-Ghoth	OrcRace	M	1	103,111,45	80	107,114,61	107,114,61	0
010234A7	030234A7	BittneldtheCurseBringer	Bittneld the Curse-Bringer	NordRace	M	1	235,159,140	80	213,152,137	213,152,137	0
010234A6	030234A6	ChorrolGuardGreatHallDay01	Chorrol Guard	ImperialRace	M	1	187,117,75	80	175,119,85	175,119,85	0
010234A5	030234A5	ChorrolGuardGreatHallNight01	Chorrol Guard	ImperialRace	M	1	187,117,75	80	175,119,85	175,119,85	0
010233EC	030233EC	ChorrolGuardPatrolDay01	Chorrol Guard	ImperialRace	M	1	187,117,75	80	175,119,85	175,119,85	0
010231AA	030231AA	ChorrolGuardPatrolDay02	Chorrol Guard	ImperialRace	M	1	187,117,75	80	175,119,85	175,119,85	0
01023189	03023189	ChorrolGuardPatrolDay03	Chorrol Guard	ImperialRace	M	1	187,117,75	80	175,119,85	175,119,85	0
01022587	03022587	ChorrolGuardPostDay03	Chorrol Guard	ImperialRace	M	1	187,117,75	80	175,119,85	175,119,85	0
01022586	03022586	ChorrolGuardPostDay02	Chorrol Guard	ImperialRace	M	1	187,117,75	80	175,119,85	175,119,85	0
01022584	03022584	ChorrolGuardPatrolNight01	Chorrol Guard	ImperialRace	M	1	187,117,75	80	175,119,85	175,119,85	0
01022583	03022583	ChorrolGuardPatrolNight02	Chorrol Guard	ImperialRace	M	1	187,117,75	80	175,119,85	175,119,85	0
0102253D	0302253D	ChorrolGuardPatrolNight03	Chorrol Guard	ImperialRace	M	1	187,117,75	80	175,119,85	175,119,85	0
010222C0	030222C0	ChorrolGuardPostNight02	Chorrol Guard	ImperialRace	M	1	187,117,75	80	175,119,85	175,119,85	0
010222BB	030222BB	ChorrolGuardPostNight01	Chorrol Guard	ImperialRace	M	1	187,117,75	80	175,119,85	175,119,85	0
010222BA	030222BA	Chanel	Chanel	RedguardRace	F	23	114,52,24	80	116,67,44	116,67,44	0
010222B9	030222B9	OrgnolfHairyLegs	Orgnolf Hairy-Legs	NordRace	M	1	235,159,140	80	213,152,137	213,152,137	0
010222B8	030222B8	AlbericLitte	Alberic Litte	BretonRace	M	2	225,161,115	80	205,154,117	205,154,117	0
010222B7	030222B7	ContumeliorusFlorius	Contumeliorus Florius	ImperialRace	M	1	187,117,75	80	175,119,85	175,119,85	0
010222B6	030222B6	Owyn	Owyn	RedguardRace	M	1	119,56,30	80	120,70,49	120,70,49	0
010222B3	030222B3	RimalusBruiant	Rimalus Bruiant	ImperialRace	M	1	187,117,75	80	175,119,85	175,119,85	0
010222B2	030222B2	RenaBruiant	Rena Bruiant	ImperialRace	F	13	182,112,70	80	171,115,81	171,115,81	0
010222B1	030222B1	FrancoisMotierre	Francois Motierre	BretonRace	M	2	225,161,115	80	205,154,117	205,154,117	0
010222B0	030222B0	ArielaDoran	Ariela Doran	ImperialRace	F	13	182,112,70	80	171,115,81	171,115,81	0
010222AE	030222AE	CarmenLitte	Carmen Litte	RedguardRace	F	23	114,52,24	80	116,67,44	116,67,44	0
010222AD	030222AD	EugalBelette	Eugal Belette	BretonRace	M	2	225,161,115	80	205,154,117	205,154,117	0
010222AC	030222AC	CastaScribonia	Casta Scribonia	ImperialRace	F	13	182,112,70	80	171,115,81	171,115,81	0
010222A8	030222A8	ReynaldJemane	Reynald Jemane	BretonRace	M	2	225,161,115	80	205,154,117	205,154,117	0
010222A6	030222A6	MalintusAncrus	Malintus Ancrus	ImperialRace	M	1	187,117,75	80	175,119,85	175,119,85	0
010222A3	030222A3	Glistel	Glistel	DarkElfRace	F	24	84,84,78	80	92,92,87	92,92,87	0
010222A1	030222A1	ValusOdiil	Valus Odiil	ImperialRace	M	1	187,117,75	80	175,119,85	175,119,85	0
010222A0	030222A0	AntusOdiil	Antus Odiil	ImperialRace	M	1	187,117,75	80	175,119,85	175,119,85	0
0102229F	0302229F	RallusOdiil	Rallus Odiil	ImperialRace	M	1	187,117,75	80	175,119,85	175,119,85	0
01000882	03000882	TestKKWoman02		ImperialRace	F	13	182,112,70	80	171,115,81	171,115,81	0
010231A0	030231A0	FemaleFashionModel	Brooke	DarkElfRace	F	24	84,84,78	80	92,92,87	92,92,87	0
0102319F	0302319F	TestMaleFashionModel	Boromir	NordRace	F	24	230,155,134	80	209,149,132	209,149,132	0
01023188	03023188	TestKKWoman	TestKKWoman	ImperialRace	F	13	182,112,70	80	171,115,81	171,115,81	0
01023186	03023186	TestClothing	TestClothing	ImperialRace	M	1	187,117,75	80	175,119,85	175,119,85	0
0101DB54	0301DB54	TestToddWoman55	Women 55	ImperialRace	F	13	182,112,70	80	171,115,81	171,115,81	0
0101DB53	0301DB53	TestToddWoman35	Women 35	ImperialRace	F	13	182,112,70	80	171,115,81	171,115,81	0
0101DB52	0301DB52	TestToddWoman25	Women 25	ImperialRace	F	13	182,112,70	80	171,115,81	171,115,81	0
0101DB4E	0301DB4E	TestToddManOrc	Todd's Tester Orc	OrcRace	M	1	103,111,45	80	107,114,61	107,114,61	0
0101DB4B	0301DB4B	TestToddWoman65	Women 65	ImperialRace	F	13	182,112,70	80	171,115,81	171,115,81	0
0101DB4A	0301DB4A	TestToddWoman45	Women 45	ImperialRace	F	13	182,112,70	80	171,115,81	171,115,81	0
0101DB45	0301DB45	TestToddManShield	Alban Corinis	ImperialRace	M	1	187,117,75	80	175,119,85	175,119,85	0
0101DB3E	0301DB3E	TestToddMaleRedguard	Cyrus	RedguardRace	F	23	114,52,24	80	116,67,44	116,67,44	0
010105E4	030105E4	TestToddWoman15	Woman 15	ImperialRace	F	13	182,112,70	80	171,115,81	171,115,81	0
0100089A	0300089A	TestToddMan	Todd's Tester Man	HighElfRace	M	1	213,180,78	80	195,169,87	195,169,87	0
01000007	03000007	Player	Bendu Olo	ImperialRace	M	1	187,117,75	80	175,119,85	175,119,85	0
